예측,순위,변수,설명,평균 |SHAP|
1시간 앞,1,y_lag1,1시간 전 시간 피크,1.1893449473200548
1시간 앞,2,hour,대상 시각(0~23),1.1014488782914276
1시간 앞,3,q4_lag1,직전 시간 마지막 15분 값,0.9609804157304566
1시간 앞,4,y_lag24,24시간 전 시간 피크,0.7470522739950476
1시간 앞,5,prod_day,"당일 생산량 일합계(전일 확정 가정, 결손일 NaN)",0.6340469025529335
1시간 앞,6,q_slope_lag1,직전 시간 15분 값 4개의 기울기(kW/15분),0.5530099813983528
1시간 앞,7,y_lag2,2시간 전 시간 피크,0.49630148224916554
1시간 앞,8,y_lag168,168시간 전 시간 피크,0.4799063078654028
1시간 앞,9,y_ma3,직전 3시간 평균,0.47418216191772083
1시간 앞,10,q_min_lag1,직전 시간 15분 값 4개의 최소,0.4650318942770915
하루 앞,1,y_dow4w,최근 4주 같은 요일·시각 평균,2.2873555346053513
하루 앞,2,hour,대상 시각(0~23),1.2840406068964143
하루 앞,3,y_d14,14일 전 같은 시각,0.985137739064932
하루 앞,4,prod_day,"당일 생산량 일합계(전일 확정 가정, 결손일 NaN)",0.7290894471318116
하루 앞,5,y_d1,1일 전 같은 시각,0.6299107296911508
하루 앞,6,y_d7,7일 전 같은 시각,0.39974520391197144
하루 앞,7,prev_day_mean,전날 평균 사용량,0.2842702641152382
하루 앞,8,prev_day_max,전날 최대 시간 피크,0.24815079443031735
하루 앞,9,dow,요일(0=월),0.24376957287113712
하루 앞,10,month,월,0.21760523846945432
