예측,변수 1,변수 2,상호작용 크기
1시간 앞,대상 시각(0~23),1시간 전 시간 피크,0.5068628602280727
1시간 앞,대상 시각(0~23),직전 시간 마지막 15분 값,0.2155495332284764
1시간 앞,1시간 전 시간 피크,직전 3시간 평균,0.18624962720821192
1시간 앞,1시간 전 시간 피크,2시간 전 시간 피크,0.16304939051167724
1시간 앞,1시간 전 시간 피크,24시간 전 시간 피크,0.16020528576832058
하루 앞,대상 시각(0~23),최근 4주 같은 요일·시각 평균,0.43437581674690945
하루 앞,대상 시각(0~23),14일 전 같은 시각,0.3091506993028517
하루 앞,대상 시각(0~23),"당일 생산량 일합계(전일 확정 가정, 결손일 NaN)",0.2855815309961612
하루 앞,14일 전 같은 시각,최근 4주 같은 요일·시각 평균,0.25996517870300423
하루 앞,7일 전 같은 시각,최근 4주 같은 요일·시각 평균,0.25984125767309285
