예측,변수,설명,평균 |SHAP| (kW)
1시간 앞(트랙 A),q4_lag1,직전 시간 마지막 15분 값,29.636428884295075
1시간 앞(트랙 A),y_lag1,1시간 전 시간 피크,12.226750715250386
1시간 앞(트랙 A),y_lag168,168시간 전 시간 피크,6.686398797402494
1시간 앞(트랙 A),hour,대상 시각(0~23),3.1562872126557164
1시간 앞(트랙 A),q_min_lag1,직전 시간 15분 값 4개의 최소,2.996786894652315
하루 앞(트랙 B),prod_day,"당일 생산량 일합계(전일 확정 가정, 결손일 NaN)",33.9217500865131
하루 앞(트랙 B),y_dow4w,최근 4주 같은 요일·시각 평균,13.095041177192488
하루 앞(트랙 B),hour,대상 시각(0~23),6.681764097517882
하루 앞(트랙 B),y_d7,7일 전 같은 시각,4.4441921552729164
하루 앞(트랙 B),prev_day_max,전날 최대 시간 피크,3.010538193552037
