조건,값,시간 수,1시간 앞|15분 최종: 선형 회귀 + Chronos-2,1시간 앞|15분: 선형 회귀,1시간 앞|15분: Chronos-2(+가동 계획),1시간 앞|15분: LightGBM,1시간 앞|시간 최대: Chronos-2 zero-shot,1시간 앞|시간 최대: LightGBM(부록 STEP 3 설정),하루 앞|15분 최종: 기준 곡선,하루 앞|시간 최대: Chronos-2 + 공변량,하루 앞|시간 최대: LightGBM(부록 STEP 3 설정)
하루종류,토요일,113,3.908995680965203,4.023128881253976,4.470949398230087,4.36169557377392,4.924725760400823,4.845184252584854,5.347334597555837,6.25162357566631,6.953255864032717
하루종류,평일가동,647,6.892513916435832,7.117758630031718,7.159478831530139,7.532268075534361,6.538844307570774,9.798614020382807,8.247608462291616,7.70567693223909,11.622283599003394
하루종류,휴일,108,1.6631733751018483,1.6873943238724254,1.8352740370370366,1.6481060750458933,2.1295944496437356,1.9994110305240904,1.7687279541446204,2.682257334391276,1.9917424234989096
전날,전날 가동,724,5.488571898401391,5.773947896618332,5.666659991712707,6.041360237500778,5.1570716773607455,7.490285557775664,6.3731291881844365,5.933909800829809,9.046882393980564
전날,전날 휴무(휴무 직후),144,7.687983930218355,7.372942409991459,8.562137833333333,8.127081172649847,8.91251794497172,11.667907911088792,10.53700396825397,11.705135663350424,13.684032845047552
시간대,00~07시,288,4.9849053849516896,4.887677255266955,5.473018475694444,5.098255097940026,4.953958008024427,6.497156149978592,5.470009639280472,5.047371122572157,7.262108963989982
시간대,08시(기동),36,8.502123441717576,7.9284022356941835,9.556134333333334,9.839894273253083,7.7311901516384545,13.327709934257841,8.964077126577127,8.550132327609592,13.50011807731446
시간대,09~11시,108,5.876586528710879,6.250181980191827,6.299811888888889,6.500839494292764,6.001691323739511,10.161429447884528,7.282460774821886,7.050129996405707,12.062724236841147
시간대,12시(점심),36,6.450798413872414,6.680421821143857,5.894763666666667,7.4098483028401905,6.009102503458659,7.870720234832529,6.632408332408331,6.644113222757976,7.377205226933575
시간대,13~16시,148,6.64347196697685,7.532658203869337,6.6887009256756755,7.774615674856348,6.290520436054951,9.495215406927786,8.55636056886057,8.73802053606188,13.179688483354992
시간대,17~23시,252,5.908462724259428,6.0262706372778245,6.082700841269841,6.358025851601976,6.018064877343556,7.801963353763641,7.705518742721123,7.644497735159738,9.619065274727577
