예측,조건,값,시간 수,가장 정확한 모델,최저 MAE,가장 부정확한 모델,최고 MAE
1시간 앞,하루종류,토요일,113,15분 최종: 선형 회귀 + Chronos-2,3.908995680965203,시간 최대: Chronos-2 zero-shot,4.924725760400823
1시간 앞,하루종류,평일가동,647,시간 최대: Chronos-2 zero-shot,6.538844307570774,시간 최대: LightGBM(부록 STEP 3 설정),9.798614020382807
1시간 앞,하루종류,휴일,108,15분: LightGBM,1.6481060750458933,시간 최대: Chronos-2 zero-shot,2.1295944496437356
1시간 앞,전날,전날 가동,724,시간 최대: Chronos-2 zero-shot,5.1570716773607455,시간 최대: LightGBM(부록 STEP 3 설정),7.490285557775664
1시간 앞,전날,전날 휴무(휴무 직후),144,15분: 선형 회귀,7.372942409991459,시간 최대: LightGBM(부록 STEP 3 설정),11.667907911088792
1시간 앞,시간대,00~07시,288,15분: 선형 회귀,4.887677255266955,시간 최대: LightGBM(부록 STEP 3 설정),6.497156149978592
1시간 앞,시간대,08시(기동),36,시간 최대: Chronos-2 zero-shot,7.7311901516384545,시간 최대: LightGBM(부록 STEP 3 설정),13.327709934257841
1시간 앞,시간대,09~11시,108,15분 최종: 선형 회귀 + Chronos-2,5.876586528710879,시간 최대: LightGBM(부록 STEP 3 설정),10.161429447884528
1시간 앞,시간대,12시(점심),36,15분: Chronos-2(+가동 계획),5.894763666666667,시간 최대: LightGBM(부록 STEP 3 설정),7.870720234832529
1시간 앞,시간대,13~16시,148,시간 최대: Chronos-2 zero-shot,6.290520436054951,시간 최대: LightGBM(부록 STEP 3 설정),9.495215406927786
1시간 앞,시간대,17~23시,252,15분 최종: 선형 회귀 + Chronos-2,5.908462724259428,시간 최대: LightGBM(부록 STEP 3 설정),7.801963353763641
하루 앞,하루종류,토요일,113,15분 최종: 기준 곡선,5.347334597555837,시간 최대: LightGBM(부록 STEP 3 설정),6.953255864032717
하루 앞,하루종류,평일가동,647,시간 최대: Chronos-2 + 공변량,7.70567693223909,시간 최대: LightGBM(부록 STEP 3 설정),11.622283599003394
하루 앞,하루종류,휴일,108,15분 최종: 기준 곡선,1.7687279541446204,시간 최대: Chronos-2 + 공변량,2.682257334391276
하루 앞,전날,전날 가동,724,시간 최대: Chronos-2 + 공변량,5.933909800829809,시간 최대: LightGBM(부록 STEP 3 설정),9.046882393980564
하루 앞,전날,전날 휴무(휴무 직후),144,15분 최종: 기준 곡선,10.53700396825397,시간 최대: LightGBM(부록 STEP 3 설정),13.684032845047552
하루 앞,시간대,00~07시,288,시간 최대: Chronos-2 + 공변량,5.047371122572157,시간 최대: LightGBM(부록 STEP 3 설정),7.262108963989982
하루 앞,시간대,08시(기동),36,시간 최대: Chronos-2 + 공변량,8.550132327609592,시간 최대: LightGBM(부록 STEP 3 설정),13.50011807731446
하루 앞,시간대,09~11시,108,시간 최대: Chronos-2 + 공변량,7.050129996405707,시간 최대: LightGBM(부록 STEP 3 설정),12.062724236841147
하루 앞,시간대,12시(점심),36,15분 최종: 기준 곡선,6.632408332408331,시간 최대: LightGBM(부록 STEP 3 설정),7.377205226933575
하루 앞,시간대,13~16시,148,15분 최종: 기준 곡선,8.55636056886057,시간 최대: LightGBM(부록 STEP 3 설정),13.179688483354992
하루 앞,시간대,17~23시,252,시간 최대: Chronos-2 + 공변량,7.644497735159738,시간 최대: LightGBM(부록 STEP 3 설정),9.619065274727577
