항목,값,앞 노트북 표
1시간 앞 MAE — 15분 모델,5.853450806451613,5.85345131381803
1시간 앞 MAE — 시간 최대 Chronos-2,5.780096198156682,5.780095021296207
하루 앞 MAE — 15분 기준 곡선,7.063908755760369,7.06391025768906
하루 앞 MAE — 시간 최대 Chronos-2 + 공변량,6.8913472350230425,6.891348192768712
15분 모델: 점예측 ≥ 178.7 — 재현율,0.8333333333333334,0.8333333333333334
15분 모델: 점예측 ≥ 178.7 — 정밀도,0.3723404255319149,0.3723404255319149
15분 모델: 점예측 ≥ 178.7 — F1,0.5147058823529411,0.5147058823529411
시간 최대 Chronos-2 ≥ 178.7 — 재현율,0.9761904761904762,0.9761904761904762
시간 최대 Chronos-2 ≥ 178.7 — 정밀도,0.328,0.328
시간 최대 Chronos-2 ≥ 178.7 — F1,0.49101796407185627,0.4910179640718562
