변수,의미,자료형,값 범위,결측 수,예측할 때 쓸 수 있는가?
날짜,공장 운영 날짜,int64,20210101 ~ 20210914,0,달력 정보로 활용
시간,공장 운영 시각 (0~23시),int64,0 ~ 188,0,활용 (오류값 점검 필요)
15분,0~15분 구간의 전력 (최대수요전력),int64,0 ~ 207,0,예측 대상
30분,15~30분 구간의 전력,int64,0 ~ 222,0,예측 대상
45분,30~45분 구간의 전력,int64,0 ~ 218,0,예측 대상
60분,45~60분 구간의 전력,int64,0 ~ 214,0,예측 대상
평균,위 4개 값의 평균,int64,0 ~ 208,0,사용 불가 (정답으로 계산한 값)
생산량,해당 시점에 생산해야 할 양 (ERP 생산계획),int64,0 ~ 9830,0,검토 필요
기온,기상청 관측 기온 (℃),float64,-12 ~ 33.4,0,검토 필요 (미래 값은 예보로만 알 수 있음)
풍속,기상청 관측 풍속 (m/s),float64,0 ~ 7.6,3,검토 필요
습도,기상청 관측 습도 (%),int64,8 ~ 98,0,검토 필요
강수량,기상청 관측 강수량 (mm),float64,0 ~ 122.4,1,검토 필요
전기요금(계절),해당 시점의 전기 요금 단가,float64,109.8 ~ 191.6,0,검토 필요
day,요일 번호,int64,1 ~ 7,0,활용
d,일,int64,1 ~ 31,0,활용
m,월,int64,1 ~ 9,0,활용
공장인원,공장이 보유한 생산력 (가이드북 정의),float64,0 ~ 48.3864,17,검토 필요
인건비,주간 대비 야간 인건비 비율,float64,1 ~ 1.5,0,검토 필요
