,1시간 앞 (여유값 적용),1시간 앞 (여유값 적용),1시간 앞 (여유값 적용),1시간 앞 (여유값 적용),1시간 앞 (여유값 적용),하루 앞 (문턱 9%),하루 앞 (문턱 9%),하루 앞 (문턱 9%),하루 앞 (문턱 9%),하루 앞 (문턱 9%)
,피크 칸,놓친 비율,놓친 비율 95% 범위,경보 칸,헛경보 비율,피크 칸,놓친 비율,놓친 비율 95% 범위,경보 칸,헛경보 비율
오전 (08~11시),36,0.28,0.13 ~ 0.56,147,0.82,73,0.1,0.00 ~ 0.24,323,0.8
오후 (12~16시),24,0.17,0.05 ~ 0.29,100,0.8,42,0.26,0.10 ~ 0.49,190,0.84
저녁 (17~19시),0,0.0,0.00 ~ 0.00,1,1.0,1,1.0,0.00 ~ 1.00,1,1.0
월요일 등 전날 휴일,11,0.36,0.20 ~ 1.00,43,0.84,24,0.21,0.00 ~ 0.44,99,0.81
그 외 가동일,49,0.2,0.10 ~ 0.42,205,0.81,92,0.15,0.02 ~ 0.36,415,0.81
기온 24℃ 미만,21,0.24,0.00 ~ 0.50,97,0.84,31,0.35,0.00 ~ 0.62,137,0.85
기온 24~27℃,19,0.42,0.22 ~ 0.70,102,0.89,45,0.09,0.00 ~ 0.24,265,0.85
기온 27℃ 이상,20,0.05,0.00 ~ 0.07,49,0.61,40,0.1,0.03 ~ 0.33,112,0.68
계획 생산량 중앙값 미만인 날,28,0.29,0.15 ~ 0.63,121,0.83,49,0.1,0.00 ~ 0.27,217,0.8
계획 생산량 중앙값 이상인 날,32,0.19,0.06 ~ 0.53,127,0.8,67,0.21,0.04 ~ 0.51,297,0.82
15분짜리 짧은 피크 (1칸),25,0.32,0.18 ~ 0.52,,,,,,,
30분 이상 이어진 피크 (2칸 이상),35,0.17,0.04 ~ 0.46,,,,,,,
