시나리오,옮긴 비율 f,최대수요전력,조정 후 최대수요전력,줄어든 최대(kW),1단계 초과 칸,조정 후 1단계 초과 칸,그중 새로 넘은 칸(받는 칸),조정 후 최대가 나온 칸,받은 전력 중 18시 이후 비율,하루 최대 평균,조정 후 하루 최대 평균,옮긴 전력량(kWh),전력량요금 변화(원)
A1. 고정 규칙형 (7/12~9/14),0.05,222.0,212.0,10.0,248,92,2,07/19 11:15,0.64,198.1,190.1,2045,-112751
A1. 고정 규칙형 (7/12~9/14),0.1,222.0,203.5,18.5,248,35,13,07/19 17:45,0.64,198.1,185.9,4091,-225502
A1. 고정 규칙형 (7/12~9/14),0.15,222.0,210.3,11.7,248,44,34,07/19 17:45,0.64,198.1,187.6,6136,-338253
A2. 예측 기반형 (7/12~9/14),0.05,222.0,222.0,0.0,248,124,1,07/19 11:15,0.62,198.1,192.6,1368,-73884
A2. 예측 기반형 (7/12~9/14),0.1,222.0,222.0,0.0,248,72,5,07/19 11:15,0.62,198.1,190.1,2736,-147769
A2. 예측 기반형 (7/12~9/14),0.15,222.0,222.0,0.0,248,66,10,07/19 11:15,0.62,198.1,190.5,4104,-221653
B. 경보 대응형 (8/16~9/14),0.05,204.0,198.0,6.0,60,19,0,09/01 08:45,0.94,191.3,188.6,486,-15201
B. 경보 대응형 (8/16~9/14),0.1,204.0,198.0,6.0,60,14,0,09/01 08:45,0.94,191.3,188.1,972,-30402
B. 경보 대응형 (8/16~9/14),0.15,204.0,198.0,6.0,60,17,3,09/01 08:45,0.94,191.3,188.2,1458,-45603
C. 순차 기동 (7/12~9/14),0.05,222.0,222.0,0.0,248,219,0,07/19 11:15,0.0,198.1,196.4,301,0
C. 순차 기동 (7/12~9/14),0.1,222.0,222.0,0.0,248,203,0,07/19 11:15,0.0,198.1,196.1,603,0
C. 순차 기동 (7/12~9/14),0.15,222.0,222.0,0.0,248,197,1,07/19 11:15,0.0,198.1,196.1,904,0
참고: A1을 B와 같은 기간에,0.05,204.0,194.9,9.1,60,9,0,09/10 09:45,0.63,191.3,183.7,1149,-53542
참고: A1을 B와 같은 기간에,0.1,204.0,193.5,10.5,60,4,3,08/23 18:00,0.63,191.3,180.7,2298,-107085
참고: A1을 B와 같은 기간에,0.15,204.0,200.8,3.2,60,12,11,08/23 18:00,0.63,191.3,182.8,3448,-160627
