옮긴 비율 f,방안,조정 후 최대수요전력,조정 후 최대가 나온 칸,조정 후 1단계 초과 칸,그중 새로 넘은 칸(받는 칸),받은 전력 중 18시 이후 비율,전력량요금 변화(원),연 기본요금 절감(원)
0.1,A1. 고정 규칙형 (비례 배분),203.5,07/19 17:45,35,13,0.64,-225502,1602840
0.1,LP 받는 칸 06~22시,202.0,07/19 11:15,33,11,0.33,-288831,1732800
0.1,LP 받는 칸 06~24시,202.0,07/19 11:15,23,1,0.57,-328894,1732800
0.1,"LP 받는 칸 06~24시, 옮길 양도 하루 앞 예측으로 (전날 실행 가능)",206.4,07/19 11:15,38,1,0.57,-327704,1351584
0.1,전체 LP: 빼는 칸까지 예측으로 결정 (실패 사례),217.3,07/19 11:15,111,8,0.14,-120751,407208
0.1,"오라클 06~22시 (실측으로 최적화, 상한)",202.0,07/19 11:15,37,15,0.28,-299693,1732800
0.1,"오라클 06~24시 (실측으로 최적화, 상한)",202.0,07/19 11:15,32,10,0.61,-332958,1732800
0.15,A1. 고정 규칙형 (비례 배분),210.3,07/19 17:45,44,34,0.64,-338253,1013688
0.15,LP 받는 칸 06~22시,208.6,07/19 17:45,36,26,0.52,-372587,1160976
0.15,LP 받는 칸 06~24시,201.0,07/20 16:00,14,4,0.55,-471714,1819440
0.15,"LP 받는 칸 06~24시, 옮길 양도 하루 앞 예측으로 (전날 실행 가능)",201.0,07/20 16:00,19,4,0.56,-471189,1819440
0.15,전체 LP: 빼는 칸까지 예측으로 결정 (실패 사례),208.7,07/19 11:15,57,7,0.2,-231703,1152312
0.15,"오라클 06~22시 (실측으로 최적화, 상한)",201.0,07/20 16:00,33,23,0.47,-391298,1819440
0.15,"오라클 06~24시 (실측으로 최적화, 상한)",201.0,07/20 16:00,27,17,0.53,-482506,1819440
