변수 쌍,크기,모델,주효과 대비 비율
하루 종류 × 시각,14.268,전력 수준 (kW),0.4
시각 × 요일,4.496,전력 수준 (kW),0.13
전날 가동 × 요일,4.386,전력 수준 (kW),0.12
전날 가동 × 시각,3.691,전력 수준 (kW),0.1
하루 종류 × 전날 가동,2.38,전력 수준 (kW),0.07
하루 종류 × 기온,1.342,전력 수준 (kW),0.04
하루 종류 × 요일,1.21,전력 수준 (kW),0.03
기온 × 습도,0.978,전력 수준 (kW),0.03
하루 종류 × 시각,0.493,피크 (로그 오즈),0.28
기온 × 습도,0.287,피크 (로그 오즈),0.16
시각 × 기온,0.278,피크 (로그 오즈),0.16
시각 × 습도,0.275,피크 (로그 오즈),0.16
하루 종류 × 기온,0.248,피크 (로그 오즈),0.14
시각 × 요일,0.173,피크 (로그 오즈),0.1
요일 × 기온,0.14,피크 (로그 오즈),0.08
요일 × 습도,0.079,피크 (로그 오즈),0.05
