예측,후보,최종 모델,날짜별 MAE 차이 평균 (kW),DM 통계량,p값,날짜 수,판정 (유의수준 5%)
하루 앞 예측,기준 곡선 + LightGBM 평균,기준 곡선 (최종),0.01,0.6,0.5531,37,차이 확인 안 됨
하루 앞 예측,기준 곡선 + Chronos-2 평균,기준 곡선 (최종),-0.1,-0.35,0.7293,37,차이 확인 안 됨
하루 앞 예측,중앙값 기준 곡선,기준 곡선 (최종),0.12,2.68,0.011,37,최종이 더 정확
하루 앞 예측,Chronos-2 (+가동 계획),기준 곡선 (최종),0.47,0.8,0.4307,37,차이 확인 안 됨
하루 앞 예측,Chronos-2 (+기준 곡선),기준 곡선 (최종),0.66,1.1,0.278,37,차이 확인 안 됨
하루 앞 예측,Chronos-2 (기록만),기준 곡선 (최종),1.54,0.98,0.3314,37,차이 확인 안 됨
하루 앞 예측,④ LightGBM (달력+계획),기준 곡선 (최종),1.58,5.24,0.0,37,최종이 더 정확
하루 앞 예측,② 최근 4주 같은 요일,기준 곡선 (최종),1.91,3.09,0.0039,37,최종이 더 정확
하루 앞 예측,⑤ LightGBM (+과거 전력),기준 곡선 (최종),3.44,3.34,0.002,37,최종이 더 정확
하루 앞 예측,① 지난주 같은 시각,기준 곡선 (최종),15.6,2.67,0.0112,37,최종이 더 정확
1시간 앞 예측,Chronos-2 (+가동 계획),선형 회귀 + Chronos-2 평균 (최종),0.22,2.49,0.0175,37,최종이 더 정확
1시간 앞 예측,선형 회귀,선형 회귀 + Chronos-2 평균 (최종),0.4,3.63,0.0009,37,최종이 더 정확
1시간 앞 예측,기준 곡선 + 현재 편차,선형 회귀 + Chronos-2 평균 (최종),0.48,3.31,0.0021,37,최종이 더 정확
1시간 앞 예측,칼만 필터 보정,선형 회귀 + Chronos-2 평균 (최종),0.49,3.37,0.0018,37,최종이 더 정확
1시간 앞 예측,LightGBM,선형 회귀 + Chronos-2 평균 (최종),0.69,4.05,0.0003,37,최종이 더 정확
1시간 앞 예측,기준 곡선만,선형 회귀 + Chronos-2 평균 (최종),1.48,4.51,0.0001,37,최종이 더 정확
1시간 앞 예측,직전 값 그대로,선형 회귀 + Chronos-2 평균 (최종),8.46,10.39,0.0,37,최종이 더 정확
