,,MAE,RMSE,상대오차(%),고부하 구간 MAE,하루 최대 전력 오차,주별 MAE 범위,최종 모델과 MAE 차이,95% 범위,판정,DM p값
하루 앞,기준 곡선 (최종),7.32,10.98,7.03,7.99,7.23,6.7 ~ 9.1,,,,
하루 앞,MSTL,11.64,17.18,11.17,24.98,17.8,8.5 ~ 21.2,4.32,2.26 ~ 6.87,기준 모델이 더 정확,0.0009
하루 앞,ARIMA (+달력·가동 계획),18.11,23.7,17.38,21.45,18.28,16.4 ~ 19.7,10.79,8.40 ~ 13.25,기준 모델이 더 정확,0.0
하루 앞,ARIMA (+기준 곡선),7.71,11.36,7.4,8.67,8.0,6.7 ~ 8.6,0.39,-0.10 ~ 0.92,우연 범위 (차이 없음),0.1247
하루 앞,NHITS,13.96,22.85,13.4,32.39,16.58,8.5 ~ 27.7,6.64,3.51 ~ 10.77,기준 모델이 더 정확,0.0014
하루 앞,TFT,12.18,19.65,11.7,9.59,7.75,11.2 ~ 13.3,4.86,3.97 ~ 5.74,기준 모델이 더 정확,0.0
하루 앞,기준 곡선 + MSTL 평균,8.44,12.13,8.11,15.87,11.71,6.6 ~ 12.4,1.12,0.11 ~ 2.25,기준 모델이 더 정확,0.0552
하루 앞,기준 곡선 + ARIMA (+달력·가동 계획) 평균,11.2,14.51,10.76,13.7,12.56,10.4 ~ 12.3,3.88,2.68 ~ 5.14,기준 모델이 더 정확,0.0
하루 앞,기준 곡선 + ARIMA (+기준 곡선) 평균,7.21,10.88,6.92,8.19,7.4,6.5 ~ 8.0,-0.11,-0.50 ~ 0.23,우연 범위 (차이 없음),0.6772
하루 앞,기준 곡선 + NHITS 평균,9.54,14.63,9.16,19.49,12.04,6.9 ~ 15.1,2.22,0.87 ~ 3.96,기준 모델이 더 정확,0.0114
하루 앞,기준 곡선 + TFT 평균,9.09,13.57,8.73,8.38,7.57,8.3 ~ 10.8,1.77,1.42 ~ 2.14,기준 모델이 더 정확,0.0
1시간 앞,선형 회귀 + Chronos-2 평균 (최종),5.85,8.53,5.61,8.4,,5.5 ~ 6.4,,,,
1시간 앞,ARIMA (+달력·가동 계획),13.25,19.35,12.72,20.35,,12.0 ~ 14.7,7.4,6.29 ~ 8.49,기준 모델이 더 정확,0.0
1시간 앞,ARIMA (+기준 곡선),6.07,8.93,5.82,7.86,,5.8 ~ 6.2,0.22,0.01 ~ 0.39,기준 모델이 더 정확,0.032
1시간 앞,NHITS,9.59,14.58,9.21,17.9,,8.2 ~ 14.3,3.75,2.71 ~ 4.93,기준 모델이 더 정확,0.0
1시간 앞,TFT,11.75,19.25,11.28,9.85,,11.1 ~ 13.4,5.9,4.81 ~ 6.91,기준 모델이 더 정확,0.0
1시간 앞,Chronos-2 미세조정 (다른 공장 자료),6.1,9.27,5.86,9.86,,5.7 ~ 6.9,0.25,0.08 ~ 0.43,기준 모델이 더 정확,0.0069
1시간 앞,선형 회귀 + ARIMA (+달력·가동 계획) 평균,8.39,11.79,8.05,13.03,,7.8 ~ 9.4,2.54,2.03 ~ 3.08,기준 모델이 더 정확,0.0
1시간 앞,선형 회귀 + ARIMA (+기준 곡선) 평균,6.05,8.88,5.81,7.99,,5.8 ~ 6.3,0.2,0.01 ~ 0.37,기준 모델이 더 정확,0.0493
1시간 앞,선형 회귀 + NHITS 평균,7.23,10.46,6.94,12.55,,6.5 ~ 9.0,1.38,0.94 ~ 1.88,기준 모델이 더 정확,0.0
1시간 앞,선형 회귀 + TFT 평균,8.15,12.2,7.82,8.43,,7.7 ~ 9.5,2.3,1.73 ~ 2.89,기준 모델이 더 정확,0.0
1시간 앞,선형 회귀 + Chronos-2 미세조정 (다른 공장 자료) 평균,5.85,8.52,5.62,8.64,,5.5 ~ 6.4,0.0,-0.02 ~ 0.02,우연 범위 (차이 없음),0.7033
