model,track,scenario,feature,mean,std
lgbm,A,S0,billing_hour,6.818766490845943e-05,2.199195703516931e-05
lgbm,A,S0,dow,0.003004834173275558,0.00036867673003141186
lgbm,A,S0,holiday,4.6821597454545904e-05,2.571740817975528e-05
lgbm,A,S0,hour,0.02849836831400848,0.0022402188408081796
lgbm,A,S0,month,0.0036911255199480655,0.0002806706364809117
lgbm,A,S0,q4_lag1,0.5238501913555446,0.03344341382138909
lgbm,A,S0,q_min_lag1,0.0573926869408183,0.012447784360059376
lgbm,A,S0,q_slope_lag1,0.014831156810649625,0.0013333021454116384
lgbm,A,S0,shift,0.002988752528028898,0.0012087634780320786
lgbm,A,S0,tou_load,0.0006763629029486202,0.0002791343212247222
lgbm,A,S0,tou_season,0.00037140663880088455,9.024428647877327e-05
lgbm,A,S0,weekend,0.00038726075297206686,9.030266054487306e-05
lgbm,A,S0,y_lag1,0.19711509569356603,0.03173248406976859
lgbm,A,S0,y_lag168,0.100046857548288,0.008026375206680852
lgbm,A,S0,y_lag2,0.007950921969577968,0.004540322965167938
lgbm,A,S0,y_lag24,0.012681100166095841,0.0009763852150862786
lgbm,A,S0,y_lag3,0.006711970570784279,0.0006088486663846932
lgbm,A,S0,y_ma24,0.007782954666378904,0.0006198473043130471
lgbm,A,S0,y_ma3,0.0231149029994147,0.011702913019113742
lgbm,A,S0,y_ma6,0.008789041186536234,0.0007091735654567272
lgbm,A,S1,billing_hour,9.811702447869699e-05,3.714763211411408e-05
lgbm,A,S1,dow,0.0019764798528043126,0.00034773217561175155
lgbm,A,S1,holiday,3.388326799663145e-05,1.957720523130957e-05
lgbm,A,S1,hour,0.02843834231107147,0.002681177423113055
lgbm,A,S1,month,0.0028470338056808603,0.0002555280451602874
lgbm,A,S1,prod_day,0.005276693791591436,0.0007591329807068653
lgbm,A,S1,prod_missing,3.4089797071647636e-05,3.5576742037402626e-05
lgbm,A,S1,q4_lag1,0.5204949731831706,0.06520736385258706
lgbm,A,S1,q_min_lag1,0.0709790116540709,0.0335469431629583
lgbm,A,S1,q_slope_lag1,0.015639937106605183,0.0013881270516581978
lgbm,A,S1,shift,0.0035597912894994666,0.0017853799889023941
lgbm,A,S1,tou_load,0.0007304343002121942,0.00025579983772732205
lgbm,A,S1,tou_season,0.00034387778286562516,9.678692157325891e-05
lgbm,A,S1,weekend,0.0002751542749615541,5.269295829081177e-05
lgbm,A,S1,y_lag1,0.19714180968311876,0.04654126506792975
lgbm,A,S1,y_lag168,0.09214556637690774,0.009494961328167344
lgbm,A,S1,y_lag2,0.008400686314545222,0.0055086596401098965
lgbm,A,S1,y_lag24,0.011884734821641105,0.0012540505815098614
lgbm,A,S1,y_lag3,0.0056812049807298415,0.0005472577988651962
lgbm,A,S1,y_ma24,0.006852914514529943,0.0003552873010149863
lgbm,A,S1,y_ma3,0.01828977603707672,0.007901313595970095
lgbm,A,S1,y_ma6,0.008875487829370015,0.0017299330025493593
lgbm,A,S2,after_shutdown,0.0010777294987008692,0.00018814470600697294
lgbm,A,S2,billing_hour,5.606563133008377e-05,2.068368674366482e-05
lgbm,A,S2,dow,0.0013158507029297265,0.00022855516345461765
lgbm,A,S2,holiday,1.9794544999564623e-05,1.5766516031502063e-05
lgbm,A,S2,hour,0.032494701891115425,0.003348982210875473
lgbm,A,S2,month,0.002709002233469748,0.0002183725513070242
lgbm,A,S2,op_today,0.0043214312173301146,0.0010550478423838143
lgbm,A,S2,prod_day,0.0036258163138707788,0.0006846255061706884
lgbm,A,S2,prod_missing,2.92360277245922e-05,3.064568583733791e-05
lgbm,A,S2,q4_lag1,0.5439412938666707,0.040629112179591476
lgbm,A,S2,q_min_lag1,0.05324694121829013,0.017225025609756448
lgbm,A,S2,q_slope_lag1,0.014169799227108378,0.001968622686221468
lgbm,A,S2,shift,0.0033831708106717593,0.0013068313008691513
lgbm,A,S2,tou_load,0.0004905320999580497,0.0002261591604998284
lgbm,A,S2,tou_season,0.00026052702364685735,4.489523658379394e-05
lgbm,A,S2,weekend,0.0002015854045210988,4.448012585279459e-05
lgbm,A,S2,y_lag1,0.18584529173585623,0.03862042855196099
lgbm,A,S2,y_lag168,0.09023445208492105,0.01142028938780404
lgbm,A,S2,y_lag2,0.00844187913585265,0.005254996680479062
lgbm,A,S2,y_lag24,0.011450488424176132,0.0015182653360957077
lgbm,A,S2,y_lag3,0.00471699789061918,0.0003442589790234898
lgbm,A,S2,y_ma24,0.005579348552936096,0.0005290867460129362
lgbm,A,S2,y_ma3,0.025659280143816514,0.017939595043259506
lgbm,A,S2,y_ma6,0.006728784319484256,0.0005400637742345576
lgbm,B,S0,billing_hour,5.851784540061602e-05,3.7093762601276065e-05
lgbm,B,S0,dow,0.032029859390995834,0.015810632888224967
lgbm,B,S0,holiday,0.011842296475317008,0.006257883816366199
lgbm,B,S0,hour,0.017075465369799807,0.006316171467933883
lgbm,B,S0,month,0.034999329615450346,0.037457902268089725
lgbm,B,S0,op_days_7d,0.011083659258089093,0.003995363149416577
lgbm,B,S0,op_lastweek,0.0007140440985821884,0.00018922689753608145
lgbm,B,S0,prev_day_max,0.038056491870241176,0.0069661607650691295
lgbm,B,S0,prev_day_mean,0.0617868543436807,0.03018164632746998
lgbm,B,S0,prev_day_op,0.00019604062032986457,0.0003925962340696537
lgbm,B,S0,shift,0.00045451779685889775,0.0002640395310226648
lgbm,B,S0,tou_load,0.01684921956580794,0.007382644078801722
lgbm,B,S0,tou_season,9.644190826300399e-05,9.578184038063431e-05
lgbm,B,S0,weekend,3.483338337310163e-05,3.8920463542117824e-05
lgbm,B,S0,y_d1,0.04157204577031955,0.031037555903532823
lgbm,B,S0,y_d14,0.1375856210210023,0.056894405731532836
lgbm,B,S0,y_d7,0.47353594621733347,0.20452307868171407
lgbm,B,S0,y_dow4w,0.12202881544915511,0.2034091338240883
lgbm,B,S1,billing_hour,0.00023551702196188503,0.00045195703083892577
lgbm,B,S1,dow,0.008839445739298506,0.015609277224616571
lgbm,B,S1,holiday,0.001873396906088288,0.0021916320454452415
lgbm,B,S1,hour,0.025085960915000597,0.010873378435235732
lgbm,B,S1,month,0.012015195017150048,0.009052117605001467
lgbm,B,S1,op_days_7d,0.0041840983859875395,0.002878057929508367
lgbm,B,S1,op_lastweek,0.0003669060144651214,0.000555119982885127
lgbm,B,S1,prev_day_max,0.01648056651634089,0.010275577048123985
lgbm,B,S1,prev_day_mean,0.019833968982590575,0.015166200572438629
lgbm,B,S1,prev_day_op,0.00017913429634078178,0.00043929677651347677
lgbm,B,S1,prod_day,0.2339012459751864,0.25247926336367676
lgbm,B,S1,prod_missing,0.0001617941404850093,0.00022350448012128384
lgbm,B,S1,shift,0.00019800911641774284,0.0001059134779379642
lgbm,B,S1,tou_load,0.003410577156990333,0.00245093736730663
lgbm,B,S1,tou_season,0.0003201116307060062,0.0002797855869178887
lgbm,B,S1,weekend,0.00020381995233811914,0.00040645653882878554
lgbm,B,S1,y_d1,0.014024646573608534,0.00787270385550115
lgbm,B,S1,y_d14,0.1408095266609963,0.0878089266162125
lgbm,B,S1,y_d7,0.07392321905292536,0.038460710678901916
lgbm,B,S1,y_dow4w,0.4439528599451219,0.18948031151818082
lgbm,B,S2,after_shutdown,0.0023512185608287606,0.0023067562377856858
lgbm,B,S2,billing_hour,0.00012205406927004792,0.00028384721163478093
lgbm,B,S2,dow,0.003353070509565824,0.0011158420356608331
lgbm,B,S2,holiday,0.0002384975861119087,0.0002595710911643303
lgbm,B,S2,hour,0.09935939527228278,0.05292823244906297
lgbm,B,S2,month,0.004271234714791088,0.0011757988324946926
lgbm,B,S2,op_days_7d,0.0013719794466305376,0.0005775552834402179
lgbm,B,S2,op_lastweek,0.0035840226485123355,0.0026634369597894796
lgbm,B,S2,op_today,0.4354654875702574,0.17058562046989487
lgbm,B,S2,prev_day_max,0.026752119294894492,0.009683506662017156
lgbm,B,S2,prev_day_mean,0.011785563340725398,0.002496520014717293
lgbm,B,S2,prev_day_op,7.353930996595743e-05,7.40077494569041e-05
lgbm,B,S2,prod_day,0.03751342419555046,0.021533817097000564
lgbm,B,S2,prod_missing,0.0,0.0
lgbm,B,S2,shift,0.0002798599401775743,0.00018756328205667548
lgbm,B,S2,tou_load,0.0019512347949810045,0.001321765353096958
lgbm,B,S2,tou_season,0.00020613647353261388,0.00010049591680465421
lgbm,B,S2,weekend,7.366502670441637e-05,0.00011727517979235969
lgbm,B,S2,y_d1,0.011065008192508883,0.0028247374919612407
lgbm,B,S2,y_d14,0.07127234630636752,0.03827660774769015
lgbm,B,S2,y_d7,0.2250624443098245,0.15784091182456464
lgbm,B,S2,y_dow4w,0.06384769843651651,0.06119377474466631
lgbm_peakw,A,S0,billing_hour,6.242790371381757e-05,1.7158633502727877e-05
lgbm_peakw,A,S0,dow,0.0026177822327457505,0.00038113083395146694
lgbm_peakw,A,S0,holiday,2.1089355827408124e-05,1.307358218512294e-05
lgbm_peakw,A,S0,hour,0.028958356220355662,0.005643014396927
lgbm_peakw,A,S0,month,0.0035560738723726284,0.0005881527486142542
lgbm_peakw,A,S0,q4_lag1,0.5171560372743479,0.033498540758725874
lgbm_peakw,A,S0,q_min_lag1,0.04239284480524462,0.015458864265326864
lgbm_peakw,A,S0,q_slope_lag1,0.018498242065728178,0.0023599788369689356
lgbm_peakw,A,S0,shift,0.004379022949792982,0.0010875173583355258
lgbm_peakw,A,S0,tou_load,0.0006101392245837947,0.0002875413158523834
lgbm_peakw,A,S0,tou_season,0.00027753614726047323,7.512304967399675e-05
lgbm_peakw,A,S0,weekend,0.000223650873206317,6.69752100547421e-05
lgbm_peakw,A,S0,y_lag1,0.19323057317056264,0.033635790842083235
lgbm_peakw,A,S0,y_lag168,0.10665875110025332,0.0110372551387817
lgbm_peakw,A,S0,y_lag2,0.007919604221352123,0.0014048569806272943
lgbm_peakw,A,S0,y_lag24,0.01438717412701678,0.002550441883211685
lgbm_peakw,A,S0,y_lag3,0.007490452160637787,0.0014964200761347986
lgbm_peakw,A,S0,y_ma24,0.00667967142478625,0.000563852421620468
lgbm_peakw,A,S0,y_ma3,0.03474320116887215,0.012599697250088167
lgbm_peakw,A,S0,y_ma6,0.010137369701339459,0.004049806873953761
lgbm_peakw,A,S1,billing_hour,7.764747546788849e-05,4.523038908624474e-05
lgbm_peakw,A,S1,dow,0.0016986171709551048,0.0003522676150741479
lgbm_peakw,A,S1,holiday,2.0966854160980443e-05,1.2855781521254824e-05
lgbm_peakw,A,S1,hour,0.029843686732235305,0.00553769932047686
lgbm_peakw,A,S1,month,0.002808351324271311,0.00039265016298542353
lgbm_peakw,A,S1,prod_day,0.004229352360583551,0.0011608518737129324
lgbm_peakw,A,S1,prod_missing,0.00026531899149248594,0.000289593021168118
lgbm_peakw,A,S1,q4_lag1,0.5153546331653989,0.06510054589207623
lgbm_peakw,A,S1,q_min_lag1,0.057911859159248326,0.03202764697610405
lgbm_peakw,A,S1,q_slope_lag1,0.019235770108497172,0.0024873495348436197
lgbm_peakw,A,S1,shift,0.004769514002591489,0.001696513277866105
lgbm_peakw,A,S1,tou_load,0.0007109181139473923,0.00035553119925528986
lgbm_peakw,A,S1,tou_season,0.0002950247353415477,0.00011270149593599159
lgbm_peakw,A,S1,weekend,0.00016732252923317388,4.0077287863259105e-05
lgbm_peakw,A,S1,y_lag1,0.19349533746283518,0.04422976596380817
lgbm_peakw,A,S1,y_lag168,0.0994463105237388,0.011974574791422755
lgbm_peakw,A,S1,y_lag2,0.008818746892108655,0.004696412072858295
lgbm_peakw,A,S1,y_lag24,0.012979732787507015,0.002998039443029743
lgbm_peakw,A,S1,y_lag3,0.00641589295994341,0.0014443838418346732
lgbm_peakw,A,S1,y_ma24,0.006082794345338627,0.00045675410153688
lgbm_peakw,A,S1,y_ma3,0.025664622046867588,0.009622172218324577
lgbm_peakw,A,S1,y_ma6,0.009707580258236183,0.00260209058860031
lgbm_peakw,A,S2,after_shutdown,0.0011935735205183613,0.0003231188720926
lgbm_peakw,A,S2,billing_hour,4.184513303917983e-05,2.1325427649881263e-05
lgbm_peakw,A,S2,dow,0.00107661869457871,0.00022601929970917978
lgbm_peakw,A,S2,holiday,9.6871678185263e-06,8.719897131496857e-06
lgbm_peakw,A,S2,hour,0.03426811155131928,0.006107339661069421
lgbm_peakw,A,S2,month,0.0029898686863490107,0.00036544540879629965
lgbm_peakw,A,S2,op_today,0.009140450602369416,0.0052562830709388065
lgbm_peakw,A,S2,prod_day,0.00307601472247069,0.0011506479212011961
lgbm_peakw,A,S2,prod_missing,0.00024375958766656552,0.00026312085268165964
lgbm_peakw,A,S2,q4_lag1,0.5391078380209573,0.04090948461091321
lgbm_peakw,A,S2,q_min_lag1,0.04280582533916071,0.015850251142886643
lgbm_peakw,A,S2,q_slope_lag1,0.01570072511298295,0.0017752627686517474
lgbm_peakw,A,S2,shift,0.004451333183515724,0.0020348639247418946
lgbm_peakw,A,S2,tou_load,0.0005542252900704994,0.0003778160076898008
lgbm_peakw,A,S2,tou_season,0.00022640514337189216,6.0549929732062564e-05
lgbm_peakw,A,S2,weekend,0.00010722063303625814,2.3576143558979275e-05
lgbm_peakw,A,S2,y_lag1,0.17638546193483165,0.036703875099908446
lgbm_peakw,A,S2,y_lag168,0.09534232132574981,0.01221361113115495
lgbm_peakw,A,S2,y_lag2,0.00741564578816365,0.0025020908792694817
lgbm_peakw,A,S2,y_lag24,0.013201027647938207,0.002830547777615873
lgbm_peakw,A,S2,y_lag3,0.005393477007113633,0.0010539659590594983
lgbm_peakw,A,S2,y_ma24,0.00535649467019156,0.0005224356339910794
lgbm_peakw,A,S2,y_ma3,0.035012266917593474,0.015887414581039344
lgbm_peakw,A,S2,y_ma6,0.006899802319192964,0.0020516928430229686
lgbm_peakw,B,S0,billing_hour,5.4832308046316624e-05,4.3843912949754444e-05
lgbm_peakw,B,S0,dow,0.032240015413704776,0.018127021078246288
lgbm_peakw,B,S0,holiday,0.011496928800850442,0.008346617694334865
lgbm_peakw,B,S0,hour,0.01668957718203298,0.006658592387574095
lgbm_peakw,B,S0,month,0.034845120874810134,0.036020960737898705
lgbm_peakw,B,S0,op_days_7d,0.012088452118838848,0.004801866055256604
lgbm_peakw,B,S0,op_lastweek,0.0006969607445735643,0.0003882743079919996
lgbm_peakw,B,S0,prev_day_max,0.03657321608215929,0.009384923110548834
lgbm_peakw,B,S0,prev_day_mean,0.050781997640806244,0.01921933348369878
lgbm_peakw,B,S0,prev_day_op,5.834825347382033e-05,7.26639060081115e-05
lgbm_peakw,B,S0,shift,0.0003973488212336275,0.00016361897238529284
lgbm_peakw,B,S0,tou_load,0.013273337919241754,0.004924795237884376
lgbm_peakw,B,S0,tou_season,0.00013069029873584434,0.0001797269803230487
lgbm_peakw,B,S0,weekend,3.9030501959104515e-05,3.9028073248380614e-05
lgbm_peakw,B,S0,y_d1,0.04625934644792161,0.044930287529991585
lgbm_peakw,B,S0,y_d14,0.1324756642479329,0.06284456225980177
lgbm_peakw,B,S0,y_d7,0.48037781022390985,0.19975795623011228
lgbm_peakw,B,S0,y_dow4w,0.13152132211976894,0.19880380826725327
lgbm_peakw,B,S1,billing_hour,0.0004175827897014687,0.0010666370072742633
lgbm_peakw,B,S1,dow,0.003768382240716505,0.002320362907830635
lgbm_peakw,B,S1,holiday,0.0035222582265140717,0.006229147192545122
lgbm_peakw,B,S1,hour,0.01853230662264795,0.009161886205988741
lgbm_peakw,B,S1,month,0.012716293638731616,0.008801176817859318
lgbm_peakw,B,S1,op_days_7d,0.004430854881973578,0.0036119413772459203
lgbm_peakw,B,S1,op_lastweek,0.00044060626244417795,0.0008040758288523014
lgbm_peakw,B,S1,prev_day_max,0.016067320950262996,0.011446908473412863
lgbm_peakw,B,S1,prev_day_mean,0.01641300420319843,0.011359694644989586
lgbm_peakw,B,S1,prev_day_op,0.00012428061004898016,0.0002451814738951649
lgbm_peakw,B,S1,prod_day,0.23161075699691208,0.26441375744460055
lgbm_peakw,B,S1,prod_missing,0.000318764271725615,0.0006820391857776261
lgbm_peakw,B,S1,shift,0.0001921146976716183,9.860285778997508e-05
lgbm_peakw,B,S1,tou_load,0.004216022156613907,0.003629675728988916
lgbm_peakw,B,S1,tou_season,0.00031954433091187294,0.0002137906520422625
lgbm_peakw,B,S1,weekend,0.00013595176242361693,0.00027492894669599186
lgbm_peakw,B,S1,y_d1,0.014485067274353204,0.00859376626495651
lgbm_peakw,B,S1,y_d14,0.10815964543621577,0.0538537158500295
lgbm_peakw,B,S1,y_d7,0.12997601057662084,0.0763974605500794
lgbm_peakw,B,S1,y_dow4w,0.4341532320703117,0.18972903254444715
lgbm_peakw,B,S2,after_shutdown,0.0021651928232617993,0.001851844184691417
lgbm_peakw,B,S2,billing_hour,8.463107269325775e-05,0.00010866647919083349
lgbm_peakw,B,S2,dow,0.0021977219245034292,0.00123804483689461
lgbm_peakw,B,S2,holiday,9.687826912446806e-05,5.554636629325683e-05
lgbm_peakw,B,S2,hour,0.083470118826502,0.03920227131995547
lgbm_peakw,B,S2,month,0.003975011806790705,0.0012546282274120163
lgbm_peakw,B,S2,op_days_7d,0.001368099449144392,0.000700944893520884
lgbm_peakw,B,S2,op_lastweek,0.0029906669335912077,0.0018083797385681692
lgbm_peakw,B,S2,op_today,0.4868134724945374,0.14737198147099503
lgbm_peakw,B,S2,prev_day_max,0.024743708309521946,0.007314264451359462
lgbm_peakw,B,S2,prev_day_mean,0.009388233699734457,0.0018524209658988702
lgbm_peakw,B,S2,prev_day_op,5.364494413155686e-05,4.98243490947876e-05
lgbm_peakw,B,S2,prod_day,0.029176248916264778,0.020471623181029644
lgbm_peakw,B,S2,prod_missing,0.0,0.0
lgbm_peakw,B,S2,shift,0.0003201224165136345,0.0002063657694269496
lgbm_peakw,B,S2,tou_load,0.0011699511393175994,0.0008202807107008053
lgbm_peakw,B,S2,tou_season,0.00019128935729293442,8.680918083586576e-05
lgbm_peakw,B,S2,weekend,8.17061261708126e-05,0.00010529437549465106
lgbm_peakw,B,S2,y_d1,0.011774486056559796,0.0039009082677455677
lgbm_peakw,B,S2,y_d14,0.05936697005066953,0.03871904760370576
lgbm_peakw,B,S2,y_d7,0.2207047424712053,0.13422932568870852
lgbm_peakw,B,S2,y_dow4w,0.05986710291246904,0.06375652800102535
