fold,seed,best_epoch,stopped_epoch,best_val_loss,train_sec,n_train,n_es
F1,42,159,189,0.0025132442824542522,380.9,3312,336
F1,2021,317,347,0.0019212588667869568,532.0,3312,336
F1,2024,228,258,0.0019237046362832189,401.7,3312,336
F2,42,301,331,0.0023128879256546497,645.0,3648,336
F2,2021,276,306,0.0023514064960181713,514.0,3648,336
F2,2024,161,191,0.002284680726006627,314.1,3648,336
F3,42,189,219,0.0028134759049862623,493.2,3984,336
F3,2021,252,282,0.00227989349514246,510.7,3984,336
F3,2024,449,479,0.0017698962474241853,857.1,3984,336
F4,42,160,190,0.009088979102671146,463.8,4320,336
F4,2021,104,134,0.007996728643774986,261.6,4320,336
F4,2024,168,198,0.007017025724053383,382.3,4320,336
F5,42,106,136,0.010827875696122646,377.2,4656,336
F5,2021,151,181,0.008177918381989002,387.0,4656,336
F5,2024,85,115,0.006668723654001951,234.3,4656,336
F6,42,38,68,0.03483019396662712,226.7,4992,336
F6,2021,181,211,0.008988184854388237,494.3,4992,336
F6,2024,30,60,0.01595212332904339,139.3,4992,336
