subset,n,theta_q,theta,mae,rmse,mase,peak_mae,daily_max_err,peak_hour_hit,n_pos,f1,precision,recall,pr_auc,brier,ece,tp,fp,fn,tn,f1_bill,precision_bill,recall_bill,train_sec,infer_sec,train_mae,split,fold,seed
all,336,0.95,181.0,5.617324013363968,8.115477626460903,0.25978699291013885,9.172184497243704,8.84230251494537,0.5,34.0,0.6415094339622641,0.8947368421052632,0.5,0.8328181240775436,,,17.0,2.0,17.0,300.0,0.6666666666666666,0.9375,0.5172413793103449,0.5968148708343506,0.0018584047045026506,2.2785356778571897,시간 fold,F1,42
op,240,0.95,181.0,6.729515961443241,9.180750664212656,0.31122305054950483,9.172184497243704,8.777595238095234,0.5,34.0,0.6415094339622641,0.8947368421052632,0.5,0.8328181240775435,,,17.0,2.0,17.0,204.0,0.6666666666666666,0.9375,0.5172413793103449,0.5968148708343506,0.0018584047045026506,2.2785356778571897,시간 fold,F1,42
peak,60,0.95,181.0,9.172184497243704,12.076551923867388,0.4241902769516358,9.172184497243704,,,,,,,,,,,,,,,,,0.5968148708343506,0.0018584047045026506,2.2785356778571897,시간 fold,F1,42
all,336,0.95,181.0,5.792764103599808,8.363432423698839,0.26790065225573145,9.17072246859622,8.591435626994453,0.42857142857142855,34.0,0.6153846153846154,0.8888888888888888,0.47058823529411764,0.8294520646086768,,,16.0,2.0,18.0,300.0,0.6363636363636364,0.9333333333333333,0.4827586206896552,0.5650734901428223,0.0018588134220668248,2.311336930679911,시간 fold,F1,2021
op,240,0.95,181.0,6.914635635528884,9.445092869949011,0.31978436610559546,9.17072246859622,8.512696969696972,0.5,34.0,0.6153846153846154,0.8888888888888888,0.47058823529411764,0.8294520646086768,,,16.0,2.0,18.0,204.0,0.6363636363636364,0.9333333333333333,0.4827586206896552,0.5650734901428223,0.0018588134220668248,2.311336930679911,시간 fold,F1,2021
peak,60,0.95,181.0,9.17072246859622,11.974607725824185,0.4241226618336588,9.17072246859622,,,,,,,,,,,,,,,,,0.5650734901428223,0.0018588134220668248,2.311336930679911,시간 fold,F1,2021
all,336,0.95,181.0,5.729309904706699,8.242929883172064,0.2649660564448534,9.247784665661136,8.971445993513683,0.42857142857142855,34.0,0.6153846153846154,0.8888888888888888,0.47058823529411764,0.8349846836513678,,,16.0,2.0,18.0,300.0,0.6363636363636364,0.9333333333333333,0.4827586206896552,0.5449011325836182,0.0017166818891252791,2.3113841232267465,시간 fold,F1,2024
op,240,0.95,181.0,6.812175419367731,9.274097468074698,0.3150458408957084,9.247784665661136,9.033323809523807,0.5,34.0,0.6153846153846154,0.8888888888888888,0.47058823529411764,0.8349846836513679,,,16.0,2.0,18.0,204.0,0.6363636363636364,0.9333333333333333,0.4827586206896552,0.5449011325836182,0.0017166818891252791,2.3113841232267465,시간 fold,F1,2024
peak,60,0.95,181.0,9.247784665661136,12.135127388229298,0.42768659305694506,9.247784665661136,,,,,,,,,,,,,,,,,0.5449011325836182,0.0017166818891252791,2.3113841232267465,시간 fold,F1,2024
all,336,0.95,181.0,5.78396552453689,8.228886312126425,0.26749374028284195,9.200510399686994,8.000565192743764,0.42857142857142855,34.0,0.6153846153846154,0.8888888888888888,0.47058823529411764,0.8341549301698973,,,16.0,2.0,18.0,300.0,0.6363636363636364,0.9333333333333333,0.4827586206896552,0.5517117977142334,0.0017518997192382812,2.3095745487369674,시간 fold,F1,2025
op,240,0.95,181.0,6.929910673792322,9.353821979797305,0.3204907978954664,9.200510399686994,8.372399999999999,0.5,34.0,0.6153846153846154,0.8888888888888888,0.47058823529411764,0.8341549301698973,,,16.0,2.0,18.0,204.0,0.6363636363636364,0.9333333333333333,0.4827586206896552,0.5517117977142334,0.0017518997192382812,2.3095745487369674,시간 fold,F1,2025
peak,60,0.95,181.0,9.200510399686994,12.027686807807068,0.4255002781193985,9.200510399686994,,,,,,,,,,,,,,,,,0.5517117977142334,0.0017518997192382812,2.3095745487369674,시간 fold,F1,2025
all,336,0.95,181.0,5.755696084474103,8.37502729911844,0.2661863503570173,9.066487464191681,8.45989484126984,0.5,34.0,0.6274509803921569,0.9411764705882353,0.47058823529411764,0.8318986773398935,,,16.0,1.0,18.0,301.0,0.6511627906976745,1.0,0.4827586206896552,0.5568492412567139,0.0017520018986293248,2.2786012484198075,시간 fold,F1,2026
op,240,0.95,181.0,6.857856655716794,9.446199022837389,0.3171584822522168,9.066487464191681,8.541199999999998,0.5,34.0,0.6274509803921569,0.9411764705882353,0.47058823529411764,0.8318986773398935,,,16.0,1.0,18.0,205.0,0.6511627906976745,1.0,0.4827586206896552,0.5568492412567139,0.0017520018986293248,2.2786012484198075,시간 fold,F1,2026
peak,60,0.95,181.0,9.066487464191681,12.023705710716262,0.4193020571674855,9.066487464191681,,,,,,,,,,,,,,,,,0.5568492412567139,0.0017520018986293248,2.2786012484198075,시간 fold,F1,2026
all,336,0.95,182.0,5.969533029233103,9.162793861158356,0.291657402701209,8.326708431572529,10.588224728487887,0.5,42.0,0.6349206349206349,0.9523809523809523,0.47619047619047616,0.8211991079846425,,,20.0,1.0,22.0,293.0,0.6415094339622641,0.9444444444444444,0.4857142857142857,0.6006476879119873,0.0018252645220075334,2.2102304614995667,시간 fold,F2,42
op,240,0.95,182.0,6.672203854361241,9.28315700495525,0.3259882535076608,8.326708431572529,7.126514619883042,0.5,42.0,0.6349206349206349,0.9523809523809523,0.47619047619047616,0.8211991079846426,,,20.0,1.0,22.0,197.0,0.6415094339622641,0.9444444444444444,0.4857142857142857,0.6006476879119873,0.0018252645220075334,2.2102304614995667,시간 fold,F2,42
peak,62,0.95,182.0,8.326708431572529,11.677817884192118,0.4068234721727795,8.326708431572529,,,,,,,,,,,,,,,,,0.6006476879119873,0.0018252645220075334,2.2102304614995667,시간 fold,F2,42
all,336,0.95,182.0,5.880111003503051,8.947376693335656,0.287288451957325,8.206559776394919,9.679916416916416,0.5,42.0,0.6865671641791045,0.92,0.5476190476190477,0.8481470681357023,,,23.0,2.0,19.0,292.0,0.6296296296296297,0.8947368421052632,0.4857142857142857,0.6019272804260254,0.0017869642802647182,2.197316012063717,시간 fold,F2,2021
op,240,0.95,182.0,6.509624372199455,9.120936961713177,0.3180450007829321,8.206559776394919,6.444882983682985,0.5,42.0,0.6865671641791045,0.92,0.5476190476190477,0.8481470681357023,,,23.0,2.0,19.0,196.0,0.6296296296296297,0.8947368421052632,0.4857142857142857,0.6019272804260254,0.0017869642802647182,2.197316012063717,시간 fold,F2,2021
peak,62,0.95,182.0,8.206559776394919,11.68329740527971,0.4009532902782257,8.206559776394919,,,,,,,,,,,,,,,,,0.6019272804260254,0.0017869642802647182,2.197316012063717,시간 fold,F2,2021
all,336,0.95,182.0,5.8528876969821155,9.162328044945916,0.28595838495979725,8.211954964312847,10.758670634920636,0.42857142857142855,42.0,0.6865671641791045,0.92,0.5476190476190477,0.8448606786527326,,,23.0,2.0,19.0,292.0,0.6296296296296297,0.8947368421052632,0.4857142857142857,0.6482982635498047,0.0017873048782348633,2.189274838532698,시간 fold,F2,2024
op,240,0.95,182.0,6.500113431424861,9.190897595275757,0.3175803184920428,8.211954964312847,6.679916666666668,0.4,42.0,0.6865671641791045,0.92,0.5476190476190477,0.8448606786527327,,,23.0,2.0,19.0,196.0,0.6296296296296297,0.8947368421052632,0.4857142857142857,0.6482982635498047,0.0017873048782348633,2.189274838532698,시간 fold,F2,2024
peak,62,0.95,182.0,8.211954964312847,11.640936955719631,0.4012168865239491,8.211954964312847,,,,,,,,,,,,,,,,,0.6482982635498047,0.0017873048782348633,2.189274838532698,시간 fold,F2,2024
all,336,0.95,182.0,5.774895148196857,8.86716933059272,0.28214785169071877,8.375319992280817,9.559004535147395,0.5,42.0,0.6461538461538462,0.9130434782608695,0.5,0.8400374244096388,,,21.0,2.0,21.0,292.0,0.6296296296296297,0.8947368421052632,0.4857142857142857,0.6273818016052246,0.0017873389380318777,2.206194774183947,시간 fold,F2,2025
op,240,0.95,182.0,6.42337470475126,9.082652157707662,0.31383104403479173,8.375319992280817,7.002606349206351,0.5,42.0,0.6461538461538462,0.9130434782608695,0.5,0.8400374244096391,,,21.0,2.0,21.0,196.0,0.6296296296296297,0.8947368421052632,0.4857142857142857,0.6273818016052246,0.0017873389380318777,2.206194774183947,시간 fold,F2,2025
peak,62,0.95,182.0,8.375319992280817,11.89558043380745,0.4091985191769591,8.375319992280817,,,,,,,,,,,,,,,,,0.6273818016052246,0.0017873389380318777,2.206194774183947,시간 fold,F2,2025
all,336,0.95,182.0,5.9977444414972805,9.665423474565076,0.2930357462311316,8.255487966622182,12.869779995331468,0.35714285714285715,42.0,0.6461538461538462,0.9130434782608695,0.5,0.847650876430339,,,21.0,2.0,21.0,292.0,0.6037735849056604,0.8888888888888888,0.45714285714285713,0.6028921604156494,0.0017870664596557617,2.1965084608720704,시간 fold,F2,2026
op,240,0.95,182.0,6.478783719625326,9.045047529104359,0.31653819872934896,8.255487966622182,7.186733660130722,0.4,42.0,0.6461538461538462,0.9130434782608695,0.5,0.8476508764303391,,,21.0,2.0,21.0,196.0,0.6037735849056604,0.8888888888888888,0.45714285714285713,0.6028921604156494,0.0017870664596557617,2.1965084608720704,시간 fold,F2,2026
peak,62,0.95,182.0,8.255487966622182,11.33955346996886,0.40334380705913164,8.255487966622182,,,,,,,,,,,,,,,,,0.6028921604156494,0.0017870664596557617,2.1965084608720704,시간 fold,F2,2026
all,336,0.95,182.0,10.121493152938873,16.87433647948999,0.519686349890012,15.595658528339754,9.086428571428572,0.35714285714285715,63.0,0.5510204081632653,0.7714285714285715,0.42857142857142855,0.7133109863874765,,,27.0,8.0,36.0,265.0,0.5609756097560976,0.7931034482758621,0.4339622641509434,0.7306826114654541,0.001751950808933803,2.155560116502205,시간 fold,F3,42
op,240,0.95,182.0,12.75210939338077,19.24486776613348,0.6547548947479104,15.595658528339754,9.506,0.4,63.0,0.5510204081632653,0.7714285714285715,0.42857142857142855,0.7133109863874765,,,27.0,8.0,36.0,169.0,0.5609756097560976,0.7931034482758621,0.4339622641509434,0.7306826114654541,0.001751950808933803,2.155560116502205,시간 fold,F3,42
peak,80,0.95,182.0,15.595658528339754,22.331484278597067,0.8007564429731003,15.595658528339754,,,,,,,,,,,,,,,,,0.7306826114654541,0.001751950808933803,2.155560116502205,시간 fold,F3,42
all,336,0.95,182.0,10.387421516901936,17.332553587034973,0.5333403966508952,15.576651364944292,9.528764880952382,0.35714285714285715,63.0,0.58,0.7837837837837838,0.4603174603174603,0.7273066165638631,,,29.0,8.0,34.0,265.0,0.5952380952380952,0.8064516129032258,0.4716981132075472,0.6868021488189697,0.0017873219081333705,2.1554446441833126,시간 fold,F3,2021
op,240,0.95,182.0,13.006429794398283,19.43819380756216,0.6678129326194253,15.576651364944292,9.425000000000002,0.4,63.0,0.58,0.7837837837837838,0.4603174603174603,0.7273066165638629,,,29.0,8.0,34.0,169.0,0.5952380952380952,0.8064516129032258,0.4716981132075472,0.6868021488189697,0.0017873219081333705,2.1554446441833126,시간 fold,F3,2021
peak,80,0.95,182.0,15.576651364944292,22.271364752045283,0.799780523391128,15.576651364944292,,,,,,,,,,,,,,,,,0.6868021488189697,0.0017873219081333705,2.1554446441833126,시간 fold,F3,2021
all,336,0.95,182.0,10.345515790768914,17.275847628589805,0.5311887542474977,15.794914614154262,9.687142857142856,0.35714285714285715,63.0,0.5567010309278351,0.7941176470588235,0.42857142857142855,0.7142898014049267,,,27.0,7.0,36.0,266.0,0.5679012345679012,0.8214285714285714,0.4339622641509434,0.6520528793334961,0.0017873389380318777,2.162362099724435,시간 fold,F3,2024
op,240,0.95,182.0,12.903647680882903,19.43827852345728,0.6625356024271621,15.794914614154262,8.879,0.4,63.0,0.5567010309278351,0.7941176470588235,0.42857142857142855,0.7142898014049266,,,27.0,7.0,36.0,170.0,0.5679012345679012,0.8214285714285714,0.4339622641509434,0.6520528793334961,0.0017873389380318777,2.162362099724435,시간 fold,F3,2024
peak,80,0.95,182.0,15.794914614154262,22.59976252542428,0.8109872129163913,15.794914614154262,,,,,,,,,,,,,,,,,0.6520528793334961,0.0017873389380318777,2.162362099724435,시간 fold,F3,2024
all,336,0.95,182.0,9.802526030188869,16.742853466084945,0.5033090370516647,15.347418590784219,9.659218559218559,0.42857142857142855,63.0,0.58,0.7837837837837838,0.4603174603174603,0.7118549509587593,,,29.0,8.0,34.0,265.0,0.5783132530120482,0.8,0.4528301886792453,0.6480765342712402,0.00175215516771589,2.171138363110205,시간 fold,F3,2025
op,240,0.95,182.0,12.341726832502832,19.08650811914277,0.6336838717379065,15.347418590784219,9.959,0.4,63.0,0.58,0.7837837837837838,0.4603174603174603,0.7118549509587593,,,29.0,8.0,34.0,169.0,0.5783132530120482,0.8,0.4528301886792453,0.6480765342712402,0.00175215516771589,2.171138363110205,시간 fold,F3,2025
peak,80,0.95,182.0,15.347418590784219,22.23611694837271,0.788010605467129,15.347418590784219,,,,,,,,,,,,,,,,,0.6480765342712402,0.00175215516771589,2.171138363110205,시간 fold,F3,2025
all,336,0.95,182.0,10.130599212670074,16.984484322118323,0.5201538989830243,15.8434566160482,9.553369408369406,0.35714285714285715,63.0,0.574468085106383,0.8709677419354839,0.42857142857142855,0.7418861008685934,,,27.0,4.0,36.0,269.0,0.5897435897435898,0.92,0.4339622641509434,0.6787822246551514,0.00176325866154262,2.1537016400173528,시간 fold,F3,2026
op,240,0.95,182.0,12.717809283024906,19.273856840422795,0.6529937613970975,15.8434566160482,9.309499999999996,0.4,63.0,0.574468085106383,0.8709677419354839,0.42857142857142855,0.7418861008685933,,,27.0,4.0,36.0,173.0,0.5897435897435898,0.92,0.4339622641509434,0.6787822246551514,0.00176325866154262,2.1537016400173528,시간 fold,F3,2026
peak,80,0.95,182.0,15.8434566160482,22.712440159347672,0.8134795937735863,15.8434566160482,,,,,,,,,,,,,,,,,0.6787822246551514,0.00176325866154262,2.1537016400173528,시간 fold,F3,2026
all,336,0.95,184.0,11.06372647069706,19.180354530890153,0.5845546616384544,11.743132795667044,19.802142857142858,0.2857142857142857,61.0,0.8648648648648649,0.96,0.7868852459016393,0.9440992401230647,,,48.0,2.0,13.0,273.0,0.8541666666666666,0.9534883720930233,0.7735849056603774,0.7379167079925537,0.0018588645117623465,2.270973277837286,시간 fold,F4,42
op,192,0.95,184.0,10.214394425886614,14.450561842258097,0.5396799978090632,11.743132795667044,10.584999999999997,0.375,61.0,0.8648648648648649,0.96,0.7868852459016393,0.9440992401230648,,,48.0,2.0,13.0,129.0,0.8541666666666666,0.9534883720930233,0.7735849056603774,0.7379167079925537,0.0018588645117623465,2.270973277837286,시간 fold,F4,42
peak,73,0.95,184.0,11.743132795667044,15.543033866760037,0.620451258997376,11.743132795667044,,,,,,,,,,,,,,,,,0.7379167079925537,0.0018588645117623465,2.270973277837286,시간 fold,F4,42
all,336,0.95,184.0,11.587009243082214,20.664599289986132,0.6122024333691635,12.20794230769231,19.634100285275398,0.35714285714285715,61.0,0.8545454545454545,0.9591836734693877,0.7704918032786885,0.9430995392996533,,,47.0,2.0,14.0,273.0,0.8421052631578947,0.9523809523809523,0.7547169811320755,0.7609291076660156,0.0017307826450892857,2.2337725120486973,시간 fold,F4,2021
op,192,0.95,184.0,10.387507989676436,14.555160465909811,0.5488264947849425,12.20794230769231,10.636249999999993,0.375,61.0,0.8545454545454545,0.9591836734693877,0.7704918032786885,0.9430995392996532,,,47.0,2.0,14.0,129.0,0.8421052631578947,0.9523809523809523,0.7547169811320755,0.7609291076660156,0.0017307826450892857,2.2337725120486973,시간 fold,F4,2021
peak,73,0.95,184.0,12.20794230769231,15.942893421082589,0.6450095818868559,12.20794230769231,,,,,,,,,,,,,,,,,0.7609291076660156,0.0017307826450892857,2.2337725120486973,시간 fold,F4,2021
all,336,0.95,184.0,11.486745019905094,20.350578089090114,0.6069049489086631,12.392188469065182,19.467142857142857,0.35714285714285715,61.0,0.8440366972477065,0.9583333333333334,0.7540983606557377,0.9405513068046725,,,46.0,2.0,15.0,273.0,0.8297872340425532,0.9512195121951219,0.7358490566037735,0.720566987991333,0.0017873219081333705,2.2483186137267355,시간 fold,F4,2024
op,192,0.95,184.0,10.484295314643804,14.863238332859575,0.5539402764883351,12.392188469065182,9.912499999999998,0.375,61.0,0.8440366972477065,0.9583333333333334,0.7540983606557377,0.9405513068046726,,,46.0,2.0,15.0,129.0,0.8297872340425532,0.9512195121951219,0.7358490566037735,0.720566987991333,0.0017873219081333705,2.2483186137267355,시간 fold,F4,2024
peak,73,0.95,184.0,12.392188469065182,16.030042129636826,0.6547442723462376,12.392188469065182,,,,,,,,,,,,,,,,,0.720566987991333,0.0017873219081333705,2.2483186137267355,시간 fold,F4,2024
all,336,0.95,184.0,11.606265088822534,20.970119725435122,0.6132198206320453,12.079916921738844,20.556071428571432,0.35714285714285715,61.0,0.8440366972477065,0.9583333333333334,0.7540983606557377,0.9533094671029541,,,46.0,2.0,15.0,273.0,0.8297872340425532,0.9512195121951219,0.7358490566037735,0.7507388591766357,0.001787355967930385,2.2498897738612937,시간 fold,F4,2025
op,192,0.95,184.0,10.173718208802194,14.33092419780771,0.5375308600499645,12.079916921738844,10.9225,0.375,61.0,0.8440366972477065,0.9583333333333334,0.7540983606557377,0.9533094671029541,,,46.0,2.0,15.0,129.0,0.8297872340425532,0.9512195121951219,0.7358490566037735,0.7507388591766357,0.001787355967930385,2.2498897738612937,시간 fold,F4,2025
peak,73,0.95,184.0,12.079916921738844,15.693100583761392,0.6382453296825581,12.079916921738844,,,,,,,,,,,,,,,,,0.7507388591766357,0.001787355967930385,2.2498897738612937,시간 fold,F4,2025
all,336,0.95,184.0,11.6817125328891,20.45650469151807,0.617206104571243,11.940141091661165,19.974242749731474,0.35714285714285715,61.0,0.8648648648648649,0.96,0.7868852459016393,0.938180208491332,,,48.0,2.0,13.0,273.0,0.8541666666666666,0.9534883720930233,0.7735849056603774,0.7124409675598145,0.001759835651942662,2.2479344472958234,시간 fold,F4,2026
op,192,0.95,184.0,10.38131445686097,14.480711907589848,0.5484992579819647,11.940141091661165,11.443750000000001,0.375,61.0,0.8648648648648649,0.96,0.7868852459016393,0.938180208491332,,,48.0,2.0,13.0,129.0,0.8541666666666666,0.9534883720930233,0.7735849056603774,0.7124409675598145,0.001759835651942662,2.2479344472958234,시간 fold,F4,2026
peak,73,0.95,184.0,11.940141091661165,15.54090091127632,0.6308602399234523,11.940141091661165,,,,,,,,,,,,,,,,,0.7124409675598145,0.001759835651942662,2.2479344472958234,시간 fold,F4,2026
all,336,0.95,186.0,5.978598276703904,10.572890542096056,0.30713431300161453,10.742149893096325,10.879571428571428,0.21428571428571427,36.0,0.7536231884057971,0.7878787878787878,0.7222222222222222,0.7926907481150917,,,26.0,7.0,10.0,293.0,0.8070175438596491,0.8518518518518519,0.7666666666666667,0.7361047267913818,0.0017873900277273996,2.251386607902026,시간 fold,F5,42
op,168,0.95,186.0,9.128638287774297,14.16935071086188,0.4689590969978213,10.742149893096325,12.474285714285713,0.14285714285714285,36.0,0.7536231884057971,0.7878787878787878,0.7222222222222222,0.7926907481150917,,,26.0,7.0,10.0,125.0,0.8070175438596491,0.8518518518518519,0.7666666666666667,0.7361047267913818,0.0017873900277273996,2.251386607902026,시간 fold,F5,42
peak,42,0.95,186.0,10.742149893096325,16.770366001823074,0.5518488908064674,10.742149893096325,,,,,,,,,,,,,,,,,0.7361047267913818,0.0017873900277273996,2.251386607902026,시간 fold,F5,42
all,336,0.95,186.0,6.128170440747316,10.899634117846228,0.314818178302724,11.492171546123652,11.892141749723146,0.21428571428571427,36.0,0.7352941176470589,0.78125,0.6944444444444444,0.7576073331001477,,,25.0,7.0,11.0,293.0,0.7857142857142857,0.8461538461538461,0.7333333333333333,0.7410728931427002,0.0017550672803606307,2.2404726756140847,시간 fold,F5,2021
op,168,0.95,186.0,9.312459122669337,14.52868485954672,0.47840239511351224,11.492171546123652,12.941428571428572,0.14285714285714285,36.0,0.7352941176470589,0.78125,0.6944444444444444,0.7576073331001477,,,25.0,7.0,11.0,125.0,0.7857142857142857,0.8461538461538461,0.7333333333333333,0.7410728931427002,0.0017550672803606307,2.2404726756140847,시간 fold,F5,2021
peak,42,0.95,186.0,11.492171546123652,18.72095937389408,0.5903792242520995,11.492171546123652,,,,,,,,,,,,,,,,,0.7410728931427002,0.0017550672803606307,2.2404726756140847,시간 fold,F5,2021
all,336,0.95,186.0,6.060502666641026,10.629589692744188,0.3113419294646867,10.87483370038394,10.18307794902017,0.21428571428571427,36.0,0.7714285714285715,0.7941176470588235,0.75,0.807229175477391,,,27.0,7.0,9.0,293.0,0.8275862068965517,0.8571428571428571,0.8,0.7696359157562256,0.0017168692180088588,2.246554327884334,시간 fold,F5,2024
op,168,0.95,186.0,9.274209021975505,14.205329677822714,0.47643739966556264,10.87483370038394,12.505714285714285,0.14285714285714285,36.0,0.7714285714285715,0.7941176470588235,0.75,0.8072291754773909,,,27.0,7.0,9.0,125.0,0.8275862068965517,0.8571428571428571,0.8,0.7696359157562256,0.0017168692180088588,2.246554327884334,시간 fold,F5,2024
peak,42,0.95,186.0,10.87483370038394,17.073488684483113,0.5586651624660824,10.87483370038394,,,,,,,,,,,,,,,,,0.7696359157562256,0.0017168692180088588,2.246554327884334,시간 fold,F5,2024
all,336,0.95,186.0,5.928788725969896,10.445915127409316,0.30457548207878443,10.495137117519876,10.177992827565808,0.21428571428571427,36.0,0.7352941176470589,0.78125,0.6944444444444444,0.7779165628760373,,,25.0,7.0,11.0,293.0,0.7857142857142857,0.8461538461538461,0.7333333333333333,0.7439701557159424,0.00171680109841483,2.2459980578937007,시간 fold,F5,2025
op,168,0.95,186.0,9.15470235922188,14.037985628142406,0.47029806815921726,10.495137117519876,12.283214285714283,0.14285714285714285,36.0,0.7352941176470589,0.78125,0.6944444444444444,0.7779165628760373,,,25.0,7.0,11.0,125.0,0.7857142857142857,0.8461538461538461,0.7333333333333333,0.7439701557159424,0.00171680109841483,2.2459980578937007,시간 fold,F5,2025
peak,42,0.95,186.0,10.495137117519876,16.070776802359877,0.5391592776867979,10.495137117519876,,,,,,,,,,,,,,,,,0.7439701557159424,0.00171680109841483,2.2459980578937007,시간 fold,F5,2025
all,336,0.95,186.0,6.031230372899274,10.472514222439889,0.30983814456189657,10.635036064551095,11.404631939489082,0.21428571428571427,36.0,0.7272727272727273,0.8,0.6666666666666666,0.7873119082103315,,,24.0,6.0,12.0,294.0,0.7636363636363637,0.84,0.7,0.7848153114318848,0.0017873048782348633,2.2525601002575772,시간 fold,F5,2026
op,168,0.95,186.0,9.115148985134274,13.830222034758629,0.4682661205663126,10.635036064551095,12.465714285714288,0.14285714285714285,36.0,0.7272727272727273,0.8,0.6666666666666666,0.7873119082103315,,,24.0,6.0,12.0,126.0,0.7636363636363637,0.84,0.7,0.7848153114318848,0.0017873048782348633,2.2525601002575772,시간 fold,F5,2026
peak,42,0.95,186.0,10.635036064551095,16.08521180478366,0.5463462076321516,10.635036064551095,,,,,,,,,,,,,,,,,0.7848153114318848,0.0017873048782348633,2.2525601002575772,시간 fold,F5,2026
all,317,0.95,186.0,6.902681943967952,10.821761920011369,0.29981323081375133,8.232695307613453,11.579404761904767,0.14285714285714285,28.0,0.5671641791044776,0.48717948717948717,0.6785714285714286,0.5322096158857405,,,19.0,20.0,9.0,269.0,0.5714285714285714,0.5161290322580645,0.64,0.8118991851806641,0.0017873389380318777,2.2492010831676157,시간 fold,F6,42
op,240,0.95,186.0,7.263077293405091,10.098419724325792,0.31546675432274374,8.232695307613453,5.929500000000004,0.1,28.0,0.5671641791044776,0.48717948717948717,0.6785714285714286,0.5322096158857405,,,19.0,20.0,9.0,192.0,0.5714285714285714,0.5161290322580645,0.64,0.8118991851806641,0.0017873389380318777,2.2492010831676157,시간 fold,F6,42
peak,59,0.95,186.0,8.232695307613453,12.56627357257609,0.35758144421499066,8.232695307613453,,,,,,,,,,,,,,,,,0.8118991851806641,0.0017873389380318777,2.2492010831676157,시간 fold,F6,42
all,317,0.95,186.0,6.691318664019396,10.304790807599872,0.29063281248488065,8.013087283405294,10.12016233766234,0.2857142857142857,28.0,0.5217391304347826,0.43902439024390244,0.6428571428571429,0.5257863555717535,,,18.0,23.0,10.0,266.0,0.5172413793103449,0.45454545454545453,0.6,0.8423092365264893,0.0017870323998587473,2.251907201868012,시간 fold,F6,2021
op,240,0.95,186.0,7.138604076010727,9.849859666583312,0.31006034594992304,8.013087283405294,5.415227272727279,0.3,28.0,0.5217391304347826,0.43902439024390244,0.6428571428571429,0.5257863555717535,,,18.0,23.0,10.0,189.0,0.5172413793103449,0.45454545454545453,0.6,0.8423092365264893,0.0017870323998587473,2.251907201868012,시간 fold,F6,2021
peak,59,0.95,186.0,8.013087283405294,11.802994106126114,0.3480429211039832,8.013087283405294,,,,,,,,,,,,,,,,,0.8423092365264893,0.0017870323998587473,2.251907201868012,시간 fold,F6,2021
all,317,0.95,186.0,6.84777031829493,11.088590764568995,0.2974281822143948,8.082343917016848,12.494313775510205,0.14285714285714285,28.0,0.5588235294117647,0.475,0.6785714285714286,0.5233299542927381,,,19.0,21.0,9.0,268.0,0.5614035087719298,0.5,0.64,0.8256895542144775,0.001787355967930385,2.23158451605872,시간 fold,F6,2024
op,240,0.95,186.0,7.196206791846595,9.993280652173945,0.31256228019498694,8.082343917016848,6.051558333333335,0.1,28.0,0.5588235294117647,0.475,0.6785714285714286,0.5233299542927381,,,19.0,21.0,9.0,191.0,0.5614035087719298,0.5,0.64,0.8256895542144775,0.001787355967930385,2.23158451605872,시간 fold,F6,2024
peak,59,0.95,186.0,8.082343917016848,12.25901398626548,0.3510510352322184,8.082343917016848,,,,,,,,,,,,,,,,,0.8256895542144775,0.001787355967930385,2.23158451605872,시간 fold,F6,2024
all,317,0.95,186.0,6.842437627962951,11.19078939707488,0.2971965604867334,7.882243046703062,13.139823129251704,0.21428571428571427,28.0,0.5428571428571428,0.4523809523809524,0.6785714285714286,0.5183606776794599,,,19.0,23.0,9.0,266.0,0.5423728813559322,0.47058823529411764,0.64,0.8153650760650635,0.001761794090270996,2.2283685013980987,시간 fold,F6,2025
op,240,0.95,186.0,7.241844073650743,9.910490185955895,0.3145445040630903,7.882243046703062,6.322609523809527,0.2,28.0,0.5428571428571428,0.4523809523809524,0.6785714285714286,0.5183606776794599,,,19.0,23.0,9.0,189.0,0.5423728813559322,0.47058823529411764,0.64,0.8153650760650635,0.001761794090270996,2.2283685013980987,시간 fold,F6,2025
peak,59,0.95,186.0,7.882243046703062,11.597574807634297,0.34235979190036453,7.882243046703062,,,,,,,,,,,,,,,,,0.8153650760650635,0.001761794090270996,2.2283685013980987,시간 fold,F6,2025
all,317,0.95,186.0,6.723645782555128,10.716407438552869,0.29203691858882286,7.474775555937039,12.370238095238093,0.21428571428571427,28.0,0.5538461538461539,0.4864864864864865,0.6428571428571429,0.5186352166787571,,,18.0,19.0,10.0,270.0,0.5555555555555556,0.5172413793103449,0.6,0.8073141574859619,0.0017873219081333705,2.2445686613134974,시간 fold,F6,2026
op,240,0.95,186.0,7.040671346642109,9.45954203443671,0.3058067053747445,7.474775555937039,5.789333333333329,0.2,28.0,0.5538461538461539,0.4864864864864865,0.6428571428571429,0.5186352166787571,,,18.0,19.0,10.0,193.0,0.5555555555555556,0.5172413793103449,0.6,0.8073141574859619,0.0017873219081333705,2.2445686613134974,시간 fold,F6,2026
peak,59,0.95,186.0,7.474775555937039,10.569073519489015,0.32466172238915236,7.474775555937039,,,,,,,,,,,,,,,,,0.8073141574859619,0.0017873219081333705,2.2445686613134974,시간 fold,F6,2026
all,1744,0.95,187.0,6.566603188555262,14.277023145628704,0.28939679068141827,10.584721293837543,6.2714227284908155,0.6172839506172839,82.0,0.6838709677419355,0.726027397260274,0.6463414634146342,0.7181816542642394,,,53.0,20.0,29.0,1642.0,0.7017543859649122,0.6896551724137931,0.7142857142857143,0.6141507625579834,0.00035130212066370413,2.3820350640833174,무작위 70:30,RANDOM,42
op,1107,0.95,187.0,6.992680575903081,12.404274899559313,0.3081744486180647,9.834693800576282,5.950628079389748,0.6815286624203821,82.0,0.6838709677419355,0.726027397260274,0.6463414634146342,0.7183547320589646,,,53.0,20.0,29.0,1005.0,0.7017543859649122,0.6896551724137931,0.7142857142857143,0.6141507625579834,0.00035130212066370413,2.3820350640833174,무작위 70:30,RANDOM,42
peak,193,0.95,187.0,10.584721293837543,20.551423786442207,0.4664792868910653,10.584721293837543,,,,,,,,,,,,,,,,,0.6141507625579834,0.00035130212066370413,2.3820350640833174,무작위 70:30,RANDOM,42
all,580,0.95,187.0,6.557967095283932,11.495124885218011,0.28901618938650464,9.135180521300514,4.913500568903795,0.5357142857142857,62.0,0.7479674796747967,0.7540983606557377,0.7419354838709677,0.7996845415238856,,,46.0,15.0,16.0,503.0,0.7524752475247525,0.7307692307692307,0.7755102040816326,0.6141507625579834,,2.3820350640833174,무작위 70:30(검증 기간 행만),RANDOM,42
op,380,0.95,187.0,8.369500404373337,13.467482982875254,0.36885227979876933,9.135180521300514,5.817519972334636,0.5818181818181818,62.0,0.7479674796747967,0.7540983606557377,0.7419354838709677,0.7996845415238855,,,46.0,15.0,16.0,303.0,0.7524752475247525,0.7307692307692307,0.7755102040816326,0.6141507625579834,,2.3820350640833174,무작위 70:30(검증 기간 행만),RANDOM,42
peak,105,0.95,187.0,9.135180521300514,14.613890763164102,0.4025965707456462,9.135180521300514,,,,,,,,,,,,,,,,,0.6141507625579834,,2.3820350640833174,무작위 70:30(검증 기간 행만),RANDOM,42
all,1744,0.95,187.0,6.1651805594130415,12.456140162056732,0.26957263228226536,9.892772476111222,7.810929949223026,0.654320987654321,91.0,0.5298013245033113,0.6666666666666666,0.43956043956043955,0.6251700678782119,,,40.0,20.0,51.0,1633.0,0.5789473684210527,0.6470588235294118,0.5238095238095238,0.6218705177307129,0.0003443529846471384,2.4872912718584725,무작위 70:30,RANDOM,2021
op,1152,0.95,187.0,6.604318293506477,11.369749004987353,0.28877393770604476,9.892772476111222,6.709534410485328,0.7452229299363057,91.0,0.5298013245033113,0.6666666666666666,0.43956043956043955,0.6256388917652138,,,40.0,20.0,51.0,1041.0,0.5789473684210527,0.6470588235294118,0.5238095238095238,0.6218705177307129,0.0003443529846471384,2.4872912718584725,무작위 70:30,RANDOM,2021
peak,174,0.95,187.0,9.892772476111222,18.717391565540506,0.4325616567519869,9.892772476111222,,,,,,,,,,,,,,,,,0.6218705177307129,0.0003443529846471384,2.4872912718584725,무작위 70:30,RANDOM,2021
all,616,0.95,187.0,6.329827780829847,10.705482149328942,0.276771835038383,10.064247007603248,8.415941486757953,0.6428571428571429,58.0,0.6481481481481481,0.7,0.603448275862069,0.705965611815964,,,35.0,15.0,23.0,543.0,0.6363636363636364,0.6666666666666666,0.6086956521739131,0.6218705177307129,,2.4872912718584725,무작위 70:30(검증 기간 행만),RANDOM,2021
op,414,0.95,187.0,7.763973382394066,11.586443301936287,0.33947987759512954,10.064247007603248,8.764475592541,0.7636363636363637,58.0,0.6481481481481481,0.7,0.603448275862069,0.705965611815964,,,35.0,15.0,23.0,341.0,0.6363636363636364,0.6666666666666666,0.6086956521739131,0.6218705177307129,,2.4872912718584725,무작위 70:30(검증 기간 행만),RANDOM,2021
peak,93,0.95,187.0,10.064247007603248,14.029739106086021,0.4400593837655286,10.064247007603248,,,,,,,,,,,,,,,,,0.6218705177307129,,2.4872912718584725,무작위 70:30(검증 기간 행만),RANDOM,2021
all,1744,0.95,186.0,6.580968646471233,14.689352924775388,0.3018210821680056,9.114401398460199,7.037503473972535,0.6460905349794238,104.0,0.6054054054054054,0.691358024691358,0.5384615384615384,0.686370867768237,,,56.0,25.0,48.0,1615.0,0.6376811594202898,0.7096774193548387,0.5789473684210527,0.6183195114135742,0.0003512955586844628,2.3263252289499565,무작위 70:30,RANDOM,2024
op,1122,0.95,186.0,6.982701011938044,12.385865215512117,0.3202456187067295,9.114401398460199,6.133856478140958,0.7197452229299363,104.0,0.6054054054054054,0.691358024691358,0.5384615384615384,0.6867382480900484,,,56.0,25.0,48.0,993.0,0.6376811594202898,0.7096774193548387,0.5789473684210527,0.6183195114135742,0.0003512955586844628,2.3263252289499565,무작위 70:30,RANDOM,2024
peak,178,0.95,186.0,9.114401398460199,17.815620249879316,0.4180111836381267,9.114401398460199,,,,,,,,,,,,,,,,,0.6183195114135742,0.0003512955586844628,2.3263252289499565,무작위 70:30,RANDOM,2024
all,601,0.95,186.0,6.139643444018597,10.89642441130175,0.28158071067441215,8.519395311669962,6.063450680176069,0.5238095238095238,73.0,0.6917293233082706,0.7666666666666667,0.6301369863013698,0.7978052533703961,,,46.0,14.0,27.0,514.0,0.6964285714285714,0.7647058823529411,0.639344262295082,0.6183195114135742,,2.3263252289499565,무작위 70:30(검증 기간 행만),RANDOM,2024
op,416,0.95,186.0,7.625178995248141,12.143829645799135,0.3497114026374506,8.519395311669962,6.142811844331847,0.6,73.0,0.6917293233082706,0.7666666666666667,0.6301369863013698,0.7978052533703959,,,46.0,14.0,27.0,329.0,0.6964285714285714,0.7647058823529411,0.639344262295082,0.6183195114135742,,2.3263252289499565,무작위 70:30(검증 기간 행만),RANDOM,2024
peak,100,0.95,186.0,8.519395311669962,12.595928078204942,0.3907225897154259,8.519395311669962,,,,,,,,,,,,,,,,,0.6183195114135742,,2.3263252289499565,무작위 70:30(검증 기간 행만),RANDOM,2024
all,1744,0.95,187.0,6.360613447645472,13.461201093534811,0.28563013563636397,12.44141806909823,6.9421043682449985,0.654320987654321,87.0,0.6301369863013698,0.7796610169491526,0.5287356321839081,0.6874607504334962,,,46.0,13.0,41.0,1644.0,0.6792452830188679,0.8181818181818182,0.5806451612903226,0.6096785068511963,0.00035095433576391374,2.4307312982960907,무작위 70:30,RANDOM,2025
op,1151,0.95,187.0,7.0916041650669035,13.677732798688185,0.31845605399857735,12.451771046506842,6.841889309667198,0.7515923566878981,87.0,0.6301369863013698,0.7796610169491526,0.5287356321839081,0.6881920369749225,,,46.0,13.0,41.0,1051.0,0.6792452830188679,0.8181818181818182,0.5806451612903226,0.6096785068511963,0.00035095433576391374,2.4307312982960907,무작위 70:30,RANDOM,2025
peak,175,0.95,187.0,12.44141806909823,25.60111214474333,0.5586951572887519,12.44141806909823,,,,,,,,,,,,,,,,,0.6096785068511963,0.00035095433576391374,2.4307312982960907,무작위 70:30,RANDOM,2025
all,602,0.95,187.0,5.98339511093308,10.122482318999522,0.2686907436159971,9.519818975938136,7.414685558107534,0.6071428571428571,61.0,0.7339449541284404,0.8333333333333334,0.6557377049180327,0.8324509009103691,,,40.0,8.0,21.0,533.0,0.7472527472527473,0.85,0.6666666666666666,0.6096785068511963,,2.4307312982960907,무작위 70:30(검증 기간 행만),RANDOM,2025
op,408,0.95,187.0,7.345216049136082,11.212302300995653,0.32984476633614096,9.519818975938136,7.648210546863153,0.7090909090909091,61.0,0.7339449541284404,0.8333333333333334,0.6557377049180327,0.8324509009103691,,,40.0,8.0,21.0,339.0,0.7472527472527473,0.85,0.6666666666666666,0.6096785068511963,,2.4307312982960907,무작위 70:30(검증 기간 행만),RANDOM,2025
peak,92,0.95,187.0,9.519818975938136,13.480265240028677,0.4274976317476732,9.519818975938136,,,,,,,,,,,,,,,,,0.6096785068511963,,2.4307312982960907,무작위 70:30(검증 기간 행만),RANDOM,2025
all,1744,0.95,186.0,6.841073950494299,15.425608090387575,0.3123362312625136,11.246263338953318,6.931212189704726,0.6213991769547325,108.0,0.5795454545454546,0.75,0.4722222222222222,0.6833975733837581,,,51.0,17.0,57.0,1619.0,0.6086956521739131,0.7368421052631579,0.5185185185185185,0.6257991790771484,0.0003443497036575177,2.2719589632980766,무작위 70:30,RANDOM,2026
op,1146,0.95,186.0,7.203924290672461,13.451149381980224,0.32890253482591525,10.482908554901023,6.533779862537944,0.7006369426751592,108.0,0.5795454545454546,0.75,0.4722222222222222,0.6840503212846584,,,51.0,17.0,57.0,1021.0,0.6086956521739131,0.7368421052631579,0.5185185185185185,0.6257991790771484,0.0003443497036575177,2.2719589632980766,무작위 70:30,RANDOM,2026
peak,195,0.95,186.0,11.246263338953318,22.14199920769837,0.513459660353569,11.246263338953318,,,,,,,,,,,,,,,,,0.6257991790771484,0.0003443497036575177,2.2719589632980766,무작위 70:30,RANDOM,2026
all,620,0.95,186.0,6.058745024308454,9.469553801490756,0.2766182036281418,9.846708313212286,6.744152632010818,0.6190476190476191,74.0,0.6511627906976745,0.7636363636363637,0.5675675675675675,0.7557020392410392,,,42.0,13.0,32.0,533.0,0.672566371681416,0.76,0.6031746031746031,0.6257991790771484,,2.2719589632980766,무작위 70:30(검증 기간 행만),RANDOM,2026
op,426,0.95,186.0,7.6598464011316745,11.164755485920846,0.34971812529615026,9.846708313212286,8.762008871006715,0.7636363636363637,74.0,0.6511627906976745,0.7636363636363637,0.5675675675675675,0.7557020392410391,,,42.0,13.0,32.0,339.0,0.672566371681416,0.76,0.6031746031746031,0.6257991790771484,,2.2719589632980766,무작위 70:30(검증 기간 행만),RANDOM,2026
peak,116,0.95,186.0,9.846708313212286,13.093773522717063,0.449561543574276,9.846708313212286,,,,,,,,,,,,,,,,,0.6257991790771484,,2.2719589632980766,무작위 70:30(검증 기간 행만),RANDOM,2026
