트랙,시나리오,피처,그룹,종류,최소 시차,설명,예측 시점에 알 수 있는 이유
A,S0,hour,달력,미리 아는 값,,대상 시각(0~23),달력·요금표로 미리 앎
A,S0,dow,달력,미리 아는 값,,요일(0=월),달력·요금표로 미리 앎
A,S0,month,달력,미리 아는 값,,월,달력·요금표로 미리 앎
A,S0,weekend,달력,미리 아는 값,,토·일,달력·요금표로 미리 앎
A,S0,holiday,달력,미리 아는 값,,공휴일·대체공휴일,달력·요금표로 미리 앎
A,S0,shift,달력,미리 아는 값,,주간 교대(09~17시),달력·요금표로 미리 앎
A,S0,tou_season,달력,미리 아는 값,,한전 계절(0 겨울·1 봄가을·2 여름),달력·요금표로 미리 앎
A,S0,tou_load,달력,미리 아는 값,,한전 시간대(0 경부하·1 중간·2 최대),달력·요금표로 미리 앎
A,S0,billing_hour,달력,미리 아는 값,,기본요금 반영 시간(중간·최대부하),달력·요금표로 미리 앎
A,S0,y_lag1,과거값,과거 시차(시간),1.0,1시간 전 시간 피크,1시간 전 값 → 정시 기준 직전 시간까지의 값만 사용
A,S0,y_lag2,과거값,과거 시차(시간),2.0,2시간 전 시간 피크,2시간 전 값 → 정시 기준 직전 시간까지의 값만 사용
A,S0,y_lag3,과거값,과거 시차(시간),3.0,3시간 전 시간 피크,3시간 전 값 → 정시 기준 직전 시간까지의 값만 사용
A,S0,y_lag24,과거값,과거 시차(시간),24.0,24시간 전 시간 피크,24시간 전 값 → 정시 기준 직전 시간까지의 값만 사용
A,S0,y_lag168,과거값,과거 시차(시간),168.0,168시간 전 시간 피크,168시간 전 값 → 정시 기준 직전 시간까지의 값만 사용
A,S0,q4_lag1,과거값,과거 시차(시간),1.0,직전 시간 마지막 15분 값,1시간 전 값 → 정시 기준 직전 시간까지의 값만 사용
A,S0,q_min_lag1,과거값,과거 시차(시간),1.0,직전 시간 15분 값 4개의 최소,1시간 전 값 → 정시 기준 직전 시간까지의 값만 사용
A,S0,q_slope_lag1,과거값,과거 시차(시간),1.0,직전 시간 15분 값 4개의 기울기(kW/15분),1시간 전 값 → 정시 기준 직전 시간까지의 값만 사용
A,S0,y_ma3,과거값,과거 시차(시간),1.0,직전 3시간 평균,1시간 전 값 → 정시 기준 직전 시간까지의 값만 사용
A,S0,y_ma6,과거값,과거 시차(시간),1.0,직전 6시간 평균,1시간 전 값 → 정시 기준 직전 시간까지의 값만 사용
A,S0,y_ma24,과거값,과거 시차(시간),1.0,직전 24시간 평균,1시간 전 값 → 정시 기준 직전 시간까지의 값만 사용
A,S1,hour,달력,미리 아는 값,,대상 시각(0~23),달력·요금표로 미리 앎
A,S1,dow,달력,미리 아는 값,,요일(0=월),달력·요금표로 미리 앎
A,S1,month,달력,미리 아는 값,,월,달력·요금표로 미리 앎
A,S1,weekend,달력,미리 아는 값,,토·일,달력·요금표로 미리 앎
A,S1,holiday,달력,미리 아는 값,,공휴일·대체공휴일,달력·요금표로 미리 앎
A,S1,shift,달력,미리 아는 값,,주간 교대(09~17시),달력·요금표로 미리 앎
A,S1,tou_season,달력,미리 아는 값,,한전 계절(0 겨울·1 봄가을·2 여름),달력·요금표로 미리 앎
A,S1,tou_load,달력,미리 아는 값,,한전 시간대(0 경부하·1 중간·2 최대),달력·요금표로 미리 앎
A,S1,billing_hour,달력,미리 아는 값,,기본요금 반영 시간(중간·최대부하),달력·요금표로 미리 앎
A,S1,y_lag1,과거값,과거 시차(시간),1.0,1시간 전 시간 피크,1시간 전 값 → 정시 기준 직전 시간까지의 값만 사용
A,S1,y_lag2,과거값,과거 시차(시간),2.0,2시간 전 시간 피크,2시간 전 값 → 정시 기준 직전 시간까지의 값만 사용
A,S1,y_lag3,과거값,과거 시차(시간),3.0,3시간 전 시간 피크,3시간 전 값 → 정시 기준 직전 시간까지의 값만 사용
A,S1,y_lag24,과거값,과거 시차(시간),24.0,24시간 전 시간 피크,24시간 전 값 → 정시 기준 직전 시간까지의 값만 사용
A,S1,y_lag168,과거값,과거 시차(시간),168.0,168시간 전 시간 피크,168시간 전 값 → 정시 기준 직전 시간까지의 값만 사용
A,S1,q4_lag1,과거값,과거 시차(시간),1.0,직전 시간 마지막 15분 값,1시간 전 값 → 정시 기준 직전 시간까지의 값만 사용
A,S1,q_min_lag1,과거값,과거 시차(시간),1.0,직전 시간 15분 값 4개의 최소,1시간 전 값 → 정시 기준 직전 시간까지의 값만 사용
A,S1,q_slope_lag1,과거값,과거 시차(시간),1.0,직전 시간 15분 값 4개의 기울기(kW/15분),1시간 전 값 → 정시 기준 직전 시간까지의 값만 사용
A,S1,y_ma3,과거값,과거 시차(시간),1.0,직전 3시간 평균,1시간 전 값 → 정시 기준 직전 시간까지의 값만 사용
A,S1,y_ma6,과거값,과거 시차(시간),1.0,직전 6시간 평균,1시간 전 값 → 정시 기준 직전 시간까지의 값만 사용
A,S1,y_ma24,과거값,과거 시차(시간),1.0,직전 24시간 평균,1시간 전 값 → 정시 기준 직전 시간까지의 값만 사용
A,S1,prod_day,S1 생산계획,미리 아는 값,,"당일 생산량 일합계(전일 확정 가정, 결손일 NaN)",전날 확정된 생산계획이라고 가정
A,S1,prod_missing,S1 생산계획,미리 아는 값,,생산량 결손일 표시,전날 확정된 생산계획이라고 가정
A,S2,hour,달력,미리 아는 값,,대상 시각(0~23),달력·요금표로 미리 앎
A,S2,dow,달력,미리 아는 값,,요일(0=월),달력·요금표로 미리 앎
A,S2,month,달력,미리 아는 값,,월,달력·요금표로 미리 앎
A,S2,weekend,달력,미리 아는 값,,토·일,달력·요금표로 미리 앎
A,S2,holiday,달력,미리 아는 값,,공휴일·대체공휴일,달력·요금표로 미리 앎
A,S2,shift,달력,미리 아는 값,,주간 교대(09~17시),달력·요금표로 미리 앎
A,S2,tou_season,달력,미리 아는 값,,한전 계절(0 겨울·1 봄가을·2 여름),달력·요금표로 미리 앎
A,S2,tou_load,달력,미리 아는 값,,한전 시간대(0 경부하·1 중간·2 최대),달력·요금표로 미리 앎
A,S2,billing_hour,달력,미리 아는 값,,기본요금 반영 시간(중간·최대부하),달력·요금표로 미리 앎
A,S2,y_lag1,과거값,과거 시차(시간),1.0,1시간 전 시간 피크,1시간 전 값 → 정시 기준 직전 시간까지의 값만 사용
A,S2,y_lag2,과거값,과거 시차(시간),2.0,2시간 전 시간 피크,2시간 전 값 → 정시 기준 직전 시간까지의 값만 사용
A,S2,y_lag3,과거값,과거 시차(시간),3.0,3시간 전 시간 피크,3시간 전 값 → 정시 기준 직전 시간까지의 값만 사용
A,S2,y_lag24,과거값,과거 시차(시간),24.0,24시간 전 시간 피크,24시간 전 값 → 정시 기준 직전 시간까지의 값만 사용
A,S2,y_lag168,과거값,과거 시차(시간),168.0,168시간 전 시간 피크,168시간 전 값 → 정시 기준 직전 시간까지의 값만 사용
A,S2,q4_lag1,과거값,과거 시차(시간),1.0,직전 시간 마지막 15분 값,1시간 전 값 → 정시 기준 직전 시간까지의 값만 사용
A,S2,q_min_lag1,과거값,과거 시차(시간),1.0,직전 시간 15분 값 4개의 최소,1시간 전 값 → 정시 기준 직전 시간까지의 값만 사용
A,S2,q_slope_lag1,과거값,과거 시차(시간),1.0,직전 시간 15분 값 4개의 기울기(kW/15분),1시간 전 값 → 정시 기준 직전 시간까지의 값만 사용
A,S2,y_ma3,과거값,과거 시차(시간),1.0,직전 3시간 평균,1시간 전 값 → 정시 기준 직전 시간까지의 값만 사용
A,S2,y_ma6,과거값,과거 시차(시간),1.0,직전 6시간 평균,1시간 전 값 → 정시 기준 직전 시간까지의 값만 사용
A,S2,y_ma24,과거값,과거 시차(시간),1.0,직전 24시간 평균,1시간 전 값 → 정시 기준 직전 시간까지의 값만 사용
A,S2,prod_day,S1 생산계획,미리 아는 값,,"당일 생산량 일합계(전일 확정 가정, 결손일 NaN)",전날 확정된 생산계획이라고 가정
A,S2,prod_missing,S1 생산계획,미리 아는 값,,생산량 결손일 표시,전날 확정된 생산계획이라고 가정
A,S2,op_today,S2 가동 오라클,미리 아는 값,,당일 주간 가동 여부(실제 전력에서 역산),가동 캘린더를 공유한다고 가정(상한 실험용)
A,S2,after_shutdown,S2 가동 오라클,미리 아는 값,,비가동일 다음 첫 가동일,가동 캘린더를 공유한다고 가정(상한 실험용)
B,S0,hour,달력,미리 아는 값,,대상 시각(0~23),달력·요금표로 미리 앎
B,S0,dow,달력,미리 아는 값,,요일(0=월),달력·요금표로 미리 앎
B,S0,month,달력,미리 아는 값,,월,달력·요금표로 미리 앎
B,S0,weekend,달력,미리 아는 값,,토·일,달력·요금표로 미리 앎
B,S0,holiday,달력,미리 아는 값,,공휴일·대체공휴일,달력·요금표로 미리 앎
B,S0,shift,달력,미리 아는 값,,주간 교대(09~17시),달력·요금표로 미리 앎
B,S0,tou_season,달력,미리 아는 값,,한전 계절(0 겨울·1 봄가을·2 여름),달력·요금표로 미리 앎
B,S0,tou_load,달력,미리 아는 값,,한전 시간대(0 경부하·1 중간·2 최대),달력·요금표로 미리 앎
B,S0,billing_hour,달력,미리 아는 값,,기본요금 반영 시간(중간·최대부하),달력·요금표로 미리 앎
B,S0,y_d1,과거값,과거 시차(시간),24.0,1일 전 같은 시각,24시간 전 값 → 00시 기준 전날 23시까지의 값만 사용
B,S0,y_d7,과거값,과거 시차(시간),168.0,7일 전 같은 시각,168시간 전 값 → 00시 기준 전날 23시까지의 값만 사용
B,S0,y_d14,과거값,과거 시차(시간),336.0,14일 전 같은 시각,336시간 전 값 → 00시 기준 전날 23시까지의 값만 사용
B,S0,y_dow4w,과거값,과거 시차(시간),168.0,최근 4주 같은 요일·시각 평균,168시간 전 값 → 00시 기준 전날 23시까지의 값만 사용
B,S0,prev_day_max,과거값,전날 이전 일 집계,1.0,전날 최대 시간 피크,1일 전 이전 하루 집계 → 그날 00시에 이미 확정
B,S0,prev_day_mean,과거값,전날 이전 일 집계,1.0,전날 평균 사용량,1일 전 이전 하루 집계 → 그날 00시에 이미 확정
B,S0,prev_day_op,과거값,전날 이전 일 집계,1.0,전날 가동 여부,1일 전 이전 하루 집계 → 그날 00시에 이미 확정
B,S0,op_days_7d,과거값,전날 이전 일 집계,1.0,최근 7일 가동일 수,1일 전 이전 하루 집계 → 그날 00시에 이미 확정
B,S0,op_lastweek,과거값,전날 이전 일 집계,7.0,1주 전 같은 요일 가동 여부,7일 전 이전 하루 집계 → 그날 00시에 이미 확정
B,S1,hour,달력,미리 아는 값,,대상 시각(0~23),달력·요금표로 미리 앎
B,S1,dow,달력,미리 아는 값,,요일(0=월),달력·요금표로 미리 앎
B,S1,month,달력,미리 아는 값,,월,달력·요금표로 미리 앎
B,S1,weekend,달력,미리 아는 값,,토·일,달력·요금표로 미리 앎
B,S1,holiday,달력,미리 아는 값,,공휴일·대체공휴일,달력·요금표로 미리 앎
B,S1,shift,달력,미리 아는 값,,주간 교대(09~17시),달력·요금표로 미리 앎
B,S1,tou_season,달력,미리 아는 값,,한전 계절(0 겨울·1 봄가을·2 여름),달력·요금표로 미리 앎
B,S1,tou_load,달력,미리 아는 값,,한전 시간대(0 경부하·1 중간·2 최대),달력·요금표로 미리 앎
B,S1,billing_hour,달력,미리 아는 값,,기본요금 반영 시간(중간·최대부하),달력·요금표로 미리 앎
B,S1,y_d1,과거값,과거 시차(시간),24.0,1일 전 같은 시각,24시간 전 값 → 00시 기준 전날 23시까지의 값만 사용
B,S1,y_d7,과거값,과거 시차(시간),168.0,7일 전 같은 시각,168시간 전 값 → 00시 기준 전날 23시까지의 값만 사용
B,S1,y_d14,과거값,과거 시차(시간),336.0,14일 전 같은 시각,336시간 전 값 → 00시 기준 전날 23시까지의 값만 사용
B,S1,y_dow4w,과거값,과거 시차(시간),168.0,최근 4주 같은 요일·시각 평균,168시간 전 값 → 00시 기준 전날 23시까지의 값만 사용
B,S1,prev_day_max,과거값,전날 이전 일 집계,1.0,전날 최대 시간 피크,1일 전 이전 하루 집계 → 그날 00시에 이미 확정
B,S1,prev_day_mean,과거값,전날 이전 일 집계,1.0,전날 평균 사용량,1일 전 이전 하루 집계 → 그날 00시에 이미 확정
B,S1,prev_day_op,과거값,전날 이전 일 집계,1.0,전날 가동 여부,1일 전 이전 하루 집계 → 그날 00시에 이미 확정
B,S1,op_days_7d,과거값,전날 이전 일 집계,1.0,최근 7일 가동일 수,1일 전 이전 하루 집계 → 그날 00시에 이미 확정
B,S1,op_lastweek,과거값,전날 이전 일 집계,7.0,1주 전 같은 요일 가동 여부,7일 전 이전 하루 집계 → 그날 00시에 이미 확정
B,S1,prod_day,S1 생산계획,미리 아는 값,,"당일 생산량 일합계(전일 확정 가정, 결손일 NaN)",전날 확정된 생산계획이라고 가정
B,S1,prod_missing,S1 생산계획,미리 아는 값,,생산량 결손일 표시,전날 확정된 생산계획이라고 가정
B,S2,hour,달력,미리 아는 값,,대상 시각(0~23),달력·요금표로 미리 앎
B,S2,dow,달력,미리 아는 값,,요일(0=월),달력·요금표로 미리 앎
B,S2,month,달력,미리 아는 값,,월,달력·요금표로 미리 앎
B,S2,weekend,달력,미리 아는 값,,토·일,달력·요금표로 미리 앎
B,S2,holiday,달력,미리 아는 값,,공휴일·대체공휴일,달력·요금표로 미리 앎
B,S2,shift,달력,미리 아는 값,,주간 교대(09~17시),달력·요금표로 미리 앎
B,S2,tou_season,달력,미리 아는 값,,한전 계절(0 겨울·1 봄가을·2 여름),달력·요금표로 미리 앎
B,S2,tou_load,달력,미리 아는 값,,한전 시간대(0 경부하·1 중간·2 최대),달력·요금표로 미리 앎
B,S2,billing_hour,달력,미리 아는 값,,기본요금 반영 시간(중간·최대부하),달력·요금표로 미리 앎
B,S2,y_d1,과거값,과거 시차(시간),24.0,1일 전 같은 시각,24시간 전 값 → 00시 기준 전날 23시까지의 값만 사용
B,S2,y_d7,과거값,과거 시차(시간),168.0,7일 전 같은 시각,168시간 전 값 → 00시 기준 전날 23시까지의 값만 사용
B,S2,y_d14,과거값,과거 시차(시간),336.0,14일 전 같은 시각,336시간 전 값 → 00시 기준 전날 23시까지의 값만 사용
B,S2,y_dow4w,과거값,과거 시차(시간),168.0,최근 4주 같은 요일·시각 평균,168시간 전 값 → 00시 기준 전날 23시까지의 값만 사용
B,S2,prev_day_max,과거값,전날 이전 일 집계,1.0,전날 최대 시간 피크,1일 전 이전 하루 집계 → 그날 00시에 이미 확정
B,S2,prev_day_mean,과거값,전날 이전 일 집계,1.0,전날 평균 사용량,1일 전 이전 하루 집계 → 그날 00시에 이미 확정
B,S2,prev_day_op,과거값,전날 이전 일 집계,1.0,전날 가동 여부,1일 전 이전 하루 집계 → 그날 00시에 이미 확정
B,S2,op_days_7d,과거값,전날 이전 일 집계,1.0,최근 7일 가동일 수,1일 전 이전 하루 집계 → 그날 00시에 이미 확정
B,S2,op_lastweek,과거값,전날 이전 일 집계,7.0,1주 전 같은 요일 가동 여부,7일 전 이전 하루 집계 → 그날 00시에 이미 확정
B,S2,prod_day,S1 생산계획,미리 아는 값,,"당일 생산량 일합계(전일 확정 가정, 결손일 NaN)",전날 확정된 생산계획이라고 가정
B,S2,prod_missing,S1 생산계획,미리 아는 값,,생산량 결손일 표시,전날 확정된 생산계획이라고 가정
B,S2,op_today,S2 가동 오라클,미리 아는 값,,당일 주간 가동 여부(실제 전력에서 역산),가동 캘린더를 공유한다고 가정(상한 실험용)
B,S2,after_shutdown,S2 가동 오라클,미리 아는 값,,비가동일 다음 첫 가동일,가동 캘린더를 공유한다고 가정(상한 실험용)
