model,track,scenario,tune_mae,peak_alpha,iterations,learning_rate,depth,l2_leaf_reg,tau,n_estimators,num_leaves,min_child_samples,subsample,colsample_bytree,reg_lambda,max_depth,min_child_weight
CatBoost,A,S0,6.693444664221965,,850.0,0.08948958522954663,7.0,3.515757068135202,inf,,,,,,,,
CatBoost,A,S1,6.523999401544241,,1450.0,0.0741731228317543,5.0,4.114255114255556,inf,,,,,,,,
CatBoost,A,S2,5.8940646609750935,,550.0,0.17495897283131406,8.0,1.8702880449158337,inf,,,,,,,,
CatBoost,B,S0,17.66048358947495,,950.0,0.029243442982805946,8.0,5.920764532148146,30,,,,,,,,
CatBoost,B,S1,14.782539103789652,,400.0,0.09734012017688903,6.0,2.4186046462784088,30,,,,,,,,
CatBoost,B,S2,9.32002130680996,,750.0,0.13380233623317908,5.0,6.069597250112061,inf,,,,,,,,
LightGBM,A,S0,6.326050390103173,4.0,,0.016712197919054813,,,inf,550.0,106.0,13.0,0.5576664933843829,0.6965741660259321,0.01889566479260145,,
LightGBM,A,S1,6.249412162948821,4.0,,0.0142874865132358,,,inf,700.0,109.0,14.0,0.6715388186250746,0.647156572322936,0.00661516722307157,,
LightGBM,A,S2,5.658628858578243,4.0,,0.013594212945310723,,,inf,900.0,126.0,16.0,0.701752181165814,0.6627335711428352,0.23798780548362308,,
LightGBM,B,S0,15.777092248153982,1.0,,0.015288300669172479,,,60,900.0,30.0,24.0,0.9123634099969342,0.9808290476073045,0.004913209531684089,,
LightGBM,B,S1,12.317992038367777,2.0,,0.10935610000889426,,,30,750.0,119.0,33.0,0.9182504168199476,0.8660414032639203,0.30442100146873585,,
LightGBM,B,S2,8.709265196201207,2.0,,0.023297931155724025,,,60,1200.0,16.0,65.0,0.917108820492309,0.883411730861815,0.16938781126436947,,
XGBoost,A,S0,6.458880836280727,,,0.011314266414590868,,,inf,800.0,,,0.7515769219210737,0.722602061555782,0.05218857448033395,9.0,15.963015331005769
XGBoost,A,S1,6.45964472867695,,,0.033977499962979815,,,inf,250.0,,,0.9379459895567663,0.9916622941179742,0.005289047583689304,9.0,17.954066021447098
XGBoost,A,S2,5.771741825224885,,,0.037062982317074306,,,inf,1500.0,,,0.9710617566124128,0.71152020206466,0.003939393975630792,9.0,7.437011972604888
XGBoost,B,S0,17.25138496198247,,,0.07893706687339251,,,60,1250.0,,,0.6687372693091926,0.9213769430696573,0.010672437183310984,7.0,3.8668753716756963
XGBoost,B,S1,11.694644557937863,,,0.023514513697599583,,,60,350.0,,,0.9013633933533008,0.9925458052312984,0.0027852619379383757,9.0,15.379842410857847
XGBoost,B,S2,8.643781100242403,,,0.012488319190033523,,,60,1200.0,,,0.8084443982192113,0.9782557098149447,1.4878300388492283,5.0,9.501917033700781
