트랙,모델,S0,S1,S2,S0→S1 개선(%),S1→S2 개선(%)
A,AutoARIMA,14.233,14.03,14.278,1.4,-1.8
A,LightGBM,6.363,6.253,5.694,1.7,8.9
A,LightGBM 피크가중,7.036,6.879,6.206,2.2,9.8
A,LightGBM 분위수(q50),6.258,6.004,5.739,4.1,4.4
A,XGBoost,6.499,6.488,5.764,0.2,11.2
A,CatBoost,6.984,6.574,6.31,5.9,4.0
B,AutoARIMA,33.26,31.575,30.415,5.1,3.7
B,LightGBM,15.889,12.684,8.794,20.2,30.7
B,LightGBM 피크가중,16.33,12.441,8.88,23.8,28.6
B,LightGBM 분위수(q50),15.502,13.504,9.945,12.9,26.4
B,XGBoost,17.659,11.857,8.664,32.9,26.9
B,CatBoost,18.092,15.887,9.734,12.2,38.7
