track,scenario,model,pinball,cov80,width80,mae,fold × seed 수
A,S0,AutoARIMA,4.017,0.862,57.082,14.233,6
A,S0,LightGBM 분위수(q50),2.312,0.626,21.236,6.258,30
A,S0,MSTL+ETS,2.356,0.863,31.921,8.597,6
A,S1,AutoARIMA,4.072,0.865,57.312,14.03,6
A,S1,LightGBM 분위수(q50),2.258,0.593,19.448,6.004,30
A,S2,AutoARIMA,4.04,0.854,56.501,14.278,6
A,S2,LightGBM 분위수(q50),2.155,0.572,16.969,5.739,30
B,S0,AutoARIMA,6.923,0.832,107.199,33.26,6
B,S0,LightGBM 분위수(q50),6.23,0.452,24.859,15.502,30
B,S0,MSTL+ETS,5.452,0.929,85.896,16.57,6
B,S1,AutoARIMA,7.659,0.871,130.925,31.575,6
B,S1,LightGBM 분위수(q50),5.209,0.355,18.756,13.504,30
B,S2,AutoARIMA,7.27,0.814,115.436,30.415,6
B,S2,LightGBM 분위수(q50),3.693,0.492,20.696,9.945,30
