track,scenario,모델,mae 평균±표준편차,mae 중앙값,seed 간 표준편차(MAE),mase 평균±표준편차,peak_mae 평균±표준편차,f1 평균±표준편차,fold 수,best step 중앙값,best step 범위,멈춘 step 중앙값,max_steps,상한 도달 횟수,학습 시간 평균(초)
A,S0,NHITS,8.778 ± 3.031,7.937,0.132,0.437 ± 0.17,11.781 ± 4.291,0.585 ± 0.12,6,225.0,100~1000,475.0,1000,3,497.0
A,S1,TFT,5.91 ± 0.813,5.792,0.162,0.294 ± 0.063,10.842 ± 4.471,0.555 ± 0.254,3,450.0,400~500,500.0,500,9,3990.0
A,S1,LSTM,6.481 ± 1.416,6.118,0.104,0.32 ± 0.083,11.417 ± 2.535,0.519 ± 0.189,6,900.0,700~1000,1000.0,1000,17,1076.0
A,S1,NHITS(입력 336),8.766 ± 2.975,7.867,0.109,0.435 ± 0.167,12.344 ± 5.448,0.602 ± 0.186,6,225.0,100~1000,475.0,1000,2,959.0
A,S1,NHITS,9.192 ± 3.948,7.906,0.304,0.458 ± 0.216,11.843 ± 3.925,0.596 ± 0.111,6,225.0,100~850,475.0,1000,1,467.0
A,S2,NHITS,9.03 ± 3.927,7.556,0.277,0.449 ± 0.214,13.57 ± 7.529,0.544 ± 0.178,6,200.0,100~850,450.0,1000,2,564.0
B,S0,NHITS,19.556 ± 14.317,12.934,0.44,0.988 ± 0.757,23.553 ± 15.739,0.293 ± 0.191,6,350.0,100~900,600.0,1000,4,646.0
B,S1,TFT,10.068 ± 2.711,10.83,0.711,0.505 ± 0.169,18.736 ± 7.562,0.202 ± 0.114,3,350.0,150~500,500.0,500,5,4043.0
B,S1,NHITS(입력 336),19.424 ± 11.431,15.32,0.402,0.976 ± 0.613,23.046 ± 9.84,0.318 ± 0.145,6,425.0,100~900,675.0,1000,1,885.0
B,S1,LSTM,19.737 ± 12.809,15.846,1.791,0.989 ± 0.677,19.908 ± 7.254,0.326 ± 0.185,6,450.0,50~1000,700.0,1000,4,675.0
B,S1,NHITS,21.113 ± 15.748,16.016,0.762,1.065 ± 0.83,20.985 ± 8.168,0.349 ± 0.111,6,375.0,50~1000,625.0,1000,5,575.0
B,S2,NHITS,15.495 ± 9.374,11.963,0.447,0.775 ± 0.498,17.334 ± 6.383,0.418 ± 0.079,6,375.0,50~850,625.0,1000,2,593.0
