트랙,모델,1일 추론 시간 중앙값(초),최대(초),장치
A,XGBoost,0.001,0.002,"CPU (11th Gen Intel(R) Core(TM) i5-1135G7 @ 2.40GHz), GPU 없음"
A,LightGBM(참고),0.004,0.006,"CPU (11th Gen Intel(R) Core(TM) i5-1135G7 @ 2.40GHz), GPU 없음"
A,NHITS,0.727,1.297,"CPU (11th Gen Intel(R) Core(TM) i5-1135G7 @ 2.40GHz), GPU 없음"
A,LSTM,0.745,1.033,"CPU (11th Gen Intel(R) Core(TM) i5-1135G7 @ 2.40GHz), GPU 없음"
A,TFT,1.369,5.285,"CPU (11th Gen Intel(R) Core(TM) i5-1135G7 @ 2.40GHz), GPU 없음"
A,Chronos-2-small LoRA,8.364,10.591,"CPU (11th Gen Intel(R) Core(TM) i5-1135G7 @ 2.40GHz), GPU 없음"
A,Chronos-2-small 공변량,13.186,13.554,"CPU (11th Gen Intel(R) Core(TM) i5-1135G7 @ 2.40GHz), GPU 없음"
A,Chronos-2 zero-shot(단변량),22.895,26.728,"CPU (11th Gen Intel(R) Core(TM) i5-1135G7 @ 2.40GHz), GPU 없음"
A,MSTL+ETS,47.521,53.294,"CPU (11th Gen Intel(R) Core(TM) i5-1135G7 @ 2.40GHz), GPU 없음"
A,Chronos-2 공변량,49.014,54.903,"CPU (11th Gen Intel(R) Core(TM) i5-1135G7 @ 2.40GHz), GPU 없음"
B,XGBoost,0.001,0.001,"CPU (11th Gen Intel(R) Core(TM) i5-1135G7 @ 2.40GHz), GPU 없음"
B,LightGBM(참고),0.002,0.005,"CPU (11th Gen Intel(R) Core(TM) i5-1135G7 @ 2.40GHz), GPU 없음"
B,LSTM,0.033,0.043,"CPU (11th Gen Intel(R) Core(TM) i5-1135G7 @ 2.40GHz), GPU 없음"
B,NHITS,0.033,0.058,"CPU (11th Gen Intel(R) Core(TM) i5-1135G7 @ 2.40GHz), GPU 없음"
B,TFT,0.065,0.094,"CPU (11th Gen Intel(R) Core(TM) i5-1135G7 @ 2.40GHz), GPU 없음"
B,Chronos-2 zero-shot(단변량),0.281,0.282,"CPU (11th Gen Intel(R) Core(TM) i5-1135G7 @ 2.40GHz), GPU 없음"
B,Chronos-2-small LoRA,0.351,0.417,"CPU (11th Gen Intel(R) Core(TM) i5-1135G7 @ 2.40GHz), GPU 없음"
B,Chronos-2-small 공변량,0.513,0.517,"CPU (11th Gen Intel(R) Core(TM) i5-1135G7 @ 2.40GHz), GPU 없음"
B,MSTL+ETS,2.104,2.274,"CPU (11th Gen Intel(R) Core(TM) i5-1135G7 @ 2.40GHz), GPU 없음"
B,Chronos-2 공변량,2.122,2.661,"CPU (11th Gen Intel(R) Core(TM) i5-1135G7 @ 2.40GHz), GPU 없음"
