track,모델,mae,peak_mae,cov80,width80,f1,precision,recall,pr_auc,brier,ece,가동일 MAE
A,Chronos-2 zero-shot,5.897,7.612,0.704,17.369,0.721,0.793,0.673,0.805,,,7.407
A,Chronos-2 공변량,6.145,8.231,0.713,18.161,0.675,0.762,0.622,0.789,,,7.72
A,최종 시스템(ens_final),6.183,8.966,0.827,21.341,0.785,0.75,0.839,0.801,0.045,0.035,7.239
A,앙상블 NNLS,6.183,8.966,,,0.667,0.882,0.557,0.843,,,7.239
A,앙상블 상위3 평균,6.565,10.502,,,0.604,0.845,0.489,0.807,,,8.033
A,LightGBM 분위수,6.668,13.056,0.591,20.497,0.479,0.718,0.377,0.78,,,8.876
A,LightGBM,7.007,11.325,,,0.581,0.831,0.465,0.789,,,8.393
A,XGBoost,7.139,11.587,,,0.61,0.815,0.499,0.77,,,8.524
A,MSTL+ETS,8.917,10.711,0.848,31.575,0.629,0.806,0.529,0.769,,,9.041
A,NHITS,9.715,12.232,,,0.601,0.747,0.516,0.739,,,10.101
B,Chronos-2 공변량,9.217,11.493,0.708,27.5,0.539,0.646,0.481,0.66,,,11.015
B,앙상블 상위3 평균,9.982,15.251,,,0.439,0.702,0.342,0.696,,,10.576
B,최종 시스템(ens_final),10.91,14.601,0.779,31.119,0.674,0.615,0.782,0.648,0.069,0.048,10.456
B,앙상블 NNLS,10.91,14.601,,,0.41,0.61,0.312,0.701,,,10.456
B,Chronos-2 zero-shot,10.989,16.271,0.709,27.497,0.551,0.633,0.501,0.628,,,11.774
B,앙상블 시간대별 NNLS,11.38,16.043,,,0.406,0.745,0.311,0.688,,,10.987
B,XGBoost,12.499,17.82,,,0.334,0.652,0.247,0.621,,,14.784
B,LightGBM,13.659,20.585,,,0.368,0.723,0.281,0.667,,,15.105
B,LightGBM 분위수,14.689,24.444,0.349,19.854,0.344,0.672,0.26,0.667,,,16.549
B,MSTL+ETS,17.125,20.558,0.918,84.81,0.373,0.536,0.304,0.564,,,14.937
B,NHITS,22.864,21.865,,,0.334,0.533,0.266,0.519,,,16.843
