track,interval,cov80_mean,cov80_min,cov80_max,width80_mean,width80_min,width80_max,목표 0.80±0.03
A,chronos2_cov(CQR),0.797,0.747,0.812,19.792,16.854,24.908,달성
A,chronos2_cov(보정 전),0.713,0.643,0.756,18.161,16.006,22.786,미달/초과
A,ens_q(CQR 비교: 이전 fold 전체·그룹 8개),0.768,0.729,0.842,21.243,18.394,23.371,미달/초과
A,ens_q(CQR),0.827,0.741,0.893,21.341,17.058,26.624,달성
A,ens_q(보정 전),0.733,0.696,0.782,19.329,15.997,21.154,미달/초과
A,lgbm_q(CQR),0.787,0.631,0.899,25.496,18.946,36.59,달성
A,lgbm_q(보정 전),0.607,0.539,0.644,20.497,15.684,24.784,미달/초과
B,chronos2_cov(CQR),0.804,0.729,0.887,29.409,18.069,39.672,달성
B,chronos2_cov(보정 전),0.708,0.64,0.759,27.5,17.774,37.682,미달/초과
B,ens_q(CQR 비교: 이전 fold 전체·그룹 8개),0.772,0.64,0.851,31.511,23.473,43.559,달성
B,ens_q(CQR),0.779,0.694,0.887,31.119,19.569,50.819,달성
B,ens_q(보정 전),0.563,0.476,0.622,23.677,13.91,36.352,미달/초과
B,lgbm_q(CQR),0.797,0.693,0.912,43.246,25.258,70.468,달성
B,lgbm_q(보정 전),0.37,0.265,0.443,19.854,10.046,35.021,미달/초과
