track,subset,variant,mae,rmse,peak_mae,f1,pr_auc,분석,과금 시간 기준,과금 피크 F1,정밀도,재현율,과금 시간 수(테스트)
A,all,복사일 제외,6.2427,9.4376,10.0295,0.6372,0.815,복사일 제외,,,,,
A,all,원래(복사일 포함),6.253,9.4518,10.0684,0.6291,0.8181,복사일 제외,,,,,
A,op,복사일 제외,7.4423,10.6002,10.0295,0.6372,0.815,복사일 제외,,,,,
A,op,원래(복사일 포함),7.4379,10.5888,10.0684,0.6291,0.8181,복사일 제외,,,,,
B,all,복사일 제외,13.1058,20.5527,19.7912,0.3737,0.6817,복사일 제외,,,,,
B,all,원래(복사일 포함),12.6843,20.2902,19.0889,0.365,0.6856,복사일 제외,,,,,
B,op,복사일 제외,13.7546,19.3607,19.7912,0.3737,0.6841,복사일 제외,,,,,
B,op,원래(복사일 포함),13.2199,18.8971,19.0889,0.365,0.6886,복사일 제외,,,,,
A,,,,,,,,TOU 2023,개정 전 시간대(기본),0.556,0.484,0.652,168.0
A,,,,,,,,TOU 2023,2023 개정 시간대,0.567,0.487,0.679,168.0
B,,,,,,,,TOU 2023,개정 전 시간대(기본),0.524,0.361,0.957,168.0
B,,,,,,,,TOU 2023,2023 개정 시간대,0.545,0.38,0.964,168.0
