model,scenario,op_mae,mae,f1,infer_sec,simplicity,DM p(1위 대비),가동일 절대오차 차이(후보−1위),DM 동등(p≥0.05),MAE 5% 이내,F1 조건,남은 후보,선정,track
ens_nnls,S1,7.238763958854209,6.183227445131292,0.6665407772304324,,5,,0.0,True,True,True,True,False,A
chronos2_zs,S0,7.407438669431777,5.897438787866037,0.7208095927893128,23.56015198571341,4,0.255403458009644,0.19653521931996482,True,True,True,True,True,A
chronos2_cov,S0,7.740987816311064,6.151893145833553,0.6933641398719234,38.39028550897326,4,0.0015707609994758563,0.5794082387856585,False,False,True,False,False,A
chronos2_cov,S1,7.796604006176904,6.145075944674451,0.6749445472205694,48.85681813103812,4,0.0006173686956033101,0.6264091873737119,False,False,True,False,False,A
ens_top3,S1,8.032515782176354,6.56468804181212,0.6043394199785177,,5,3.9276687215252875e-16,0.7193003420826034,False,False,False,False,False,A
lgbm,S1,8.44915211933717,7.006831051681742,0.5807930091088331,0.0035746949059622,2,9.424650245602758e-17,1.0507836744026955,False,False,False,False,False,A
cat,S1,8.494244731716499,7.272441401057567,0.5621746399875381,0.0002144745418003,2,2.933599392408229e-16,1.0201128995893753,False,False,False,False,False,A
lgbm_peakw,S1,8.501350545857772,7.7380437710560726,0.596306516186812,0.0035747289657592,2,3.0112567379190324e-15,1.1003997364476836,False,False,False,False,False,A
lgbm,S0,8.514444739823894,7.132852976994318,0.5774446706936878,0.0026452881949288,2,6.002602483384552e-15,1.0722023249097783,False,False,False,False,False,A
lgbm_peakw,S0,8.518701323419917,7.9115222485436245,0.5938450530083421,0.0026452200753348,2,6.018334692669272e-14,1.0874762506615834,False,False,False,False,False,A
lstm,S1,8.531941704390299,6.618221217909598,0.5467822804999767,0.7808189392089844,3,1.5403053066719494e-07,1.0410191915292464,False,False,False,False,False,A
xgb,S0,8.585282217320941,7.131427790227193,0.5872113503910664,0.0007589544568743,2,9.003225832381377e-20,1.1962984166890105,False,False,False,False,False,A
xgb,S1,8.777518372569766,7.138870596184428,0.6095771663262562,0.0004289320537022,2,9.724249013816492e-18,1.3535229270231666,False,False,False,False,False,A
lgbm_q,S1,8.861163779305734,6.668458090954332,0.4790501807260605,0.0085081372942243,2,4.678734716136975e-18,1.4209915301130671,False,False,False,False,False,A
cat,S0,8.89515980935946,7.783608632271569,0.5322066843290716,0.0002144915716988,2,2.8196801740593945e-19,1.2760367056371222,False,False,False,False,False,A
lgbm_q,S0,9.03363944130797,6.938347487064418,0.48431440608822696,0.0065816300255911,2,1.0588047379913952e-20,1.5735398739862274,False,False,False,False,False,A
mstl,S0,9.04073197738938,8.917425255885567,0.6291861212372263,48.24364108698709,1,1.149282589766716e-14,1.7380861406642922,False,False,True,False,False,A
guidebook_rf,S0,9.192504592830096,8.072933207921556,0.6752897446644062,0.0017873048782348,2,5.193025594821033e-17,1.9349170622142322,False,False,True,False,False,A
nhits,S0,9.673576455628814,9.193181176576152,0.5788958102052195,0.7206573486328125,3,8.334141562131863e-15,2.0229994086777348,False,False,False,False,False,A
nhits,S1,9.914491340939982,9.715035975030643,0.6010633783624623,0.6966304779052734,3,6.008754973033964e-18,2.282654116568208,False,False,False,False,False,A
nhits_L336,S1,10.31132781064267,9.220321501066433,0.6091516884100753,0.7927093505859375,3,7.020378471837175e-18,2.564780591002566,False,False,False,False,False,A
guidebook_rnn,S0,15.365426543109981,13.356422524243705,0.4113289300955912,0.0011438812528337,3,4.020253095678113e-54,6.02708179047563,False,False,False,False,False,A
arima,S1,16.432464161472375,14.182972963671551,0.5281807081807082,1.8343342202050343,1,3.4760203521045897e-68,9.227474374286311,False,False,False,False,False,A
arima,S0,16.461845078206668,14.372465896459948,0.5009802283486493,2.2488220589501515,1,1.9553323449972825e-71,9.246944783703709,False,False,False,False,False,A
naive_4wk,S0,17.10948660714286,21.559806876220524,0.2584817825435259,,0,7.899655233460573e-91,9.617228546199396,False,False,False,False,False,A
naive_last,S0,18.74083333333333,13.894684167042211,0.5631017434296123,,0,2.597897887014736e-63,11.543154472125321,False,False,False,False,False,A
naive_week,S0,27.86363095238095,26.3845294426919,0.3945750916606558,,0,2.1594626474314437e-44,17.188524842495692,False,False,False,False,False,A
chronos2_cov,S1,10.320839145978294,9.217323960035936,0.5388523044120059,2.1176912784576416,4,,0.0,True,True,True,True,True,B
ens_nnls,S1,10.456412842825603,10.910327589088539,0.4099127587177322,,5,0.8965739322578935,0.08671384878243707,True,True,False,False,False,B
ens_top3,S1,10.575954075795421,9.98248652193162,0.43852132501907537,,5,0.8162829408679121,0.20292808072813892,True,True,False,False,False,B
ens_nnls_hour,S1,10.987195785197844,11.380363714225753,0.4061401098901099,,5,0.43121871046421173,0.5537250396758711,True,False,False,False,False,B
chronos2_zs,S0,11.774270541554404,10.989057213031298,0.5512482491302061,0.2814938170569284,4,0.5653633950806831,1.0598869253087926,True,False,True,False,False,B
xgb,S1,12.38815741470882,12.498573253790823,0.33382800327599504,0.0005004746573311,2,0.14302470615049426,1.780305431507252,True,False,False,False,False,B
chronos2_cov,S0,13.044520511854262,10.847035958943504,0.5352919612463996,1.871599657194955,4,0.25789386019212107,2.083418107915808,True,False,True,False,False,B
lgbm_peakw,S1,13.44280895741983,13.336000168934627,0.38435822849039647,0.0038801261356898,2,0.002787084857091287,2.8738794787823765,False,False,False,False,False,B
lgbm,S1,14.104913144926488,13.659311602892721,0.3677558038714252,0.0037891524178641,2,0.004559004554099286,3.4224017370593574,False,False,False,False,False,B
lstm,S1,14.766763830045809,20.513116752949692,0.34584861336125006,0.0310282707214355,3,0.009740777489619185,3.56309164062333,False,False,False,False,False,B
mstl,S0,14.93658434834856,17.12473517842575,0.3734441181685043,2.122107914515904,1,0.0013192237161313092,4.61563902424581,False,False,False,False,False,B
lgbm_q,S1,16.61137060589587,14.688714499078138,0.34362072606428967,0.0075024877275739,2,0.00018867776206964285,5.6899150770870905,False,False,False,False,False,B
naive_4wk,S0,17.10948660714286,21.559806876220524,0.2584817825435259,,0,0.0035195296948878764,6.598049707765933,False,False,False,False,False,B
nhits,S1,17.17707027029362,22.864230410076214,0.3344764292780214,0.0310280323028564,3,0.0017385970321909482,5.978720470850302,False,False,False,False,False,B
nhits_L336,S1,17.54210660022289,21.132132881453114,0.33983341588793475,0.0310285091400146,3,0.0001119158403344153,6.5273896088969146,False,False,False,False,False,B
nhits,S0,17.99904354905393,21.57768453992211,0.25610528014188294,0.0360310077667236,3,0.006290440529490424,6.564582079670619,False,False,False,False,False,B
cat,S1,18.37365537886486,16.973311313672433,0.3339957944807799,0.0001429830278669,2,0.0012400353922870553,7.114044307300542,False,False,False,False,False,B
lgbm,S0,19.97499331320115,17.71792512432533,0.25269482301245666,0.0021448135375976,2,0.003911948985454522,8.155160197039118,False,False,False,False,False,B
lgbm_q,S0,20.394980556314664,17.346562390560738,0.23935419504753658,0.0068751062665666,2,0.0038836174434199256,8.448500214304708,False,False,False,False,False,B
lgbm_peakw,S0,20.46079723609803,18.25490905846407,0.2785603201955995,0.0021450178963797,2,0.0030144245356339312,8.661121000101163,False,False,False,False,False,B
xgb,S0,20.91335540693147,19.72988703424303,0.347093506407057,0.0009654930659702,2,0.0022188184875737314,9.018189647462632,False,False,False,False,False,B
cat,S0,21.06928483712701,19.38395519648186,0.24008898492091155,0.0002144575119018,2,0.0036656074166965444,9.261948818300462,False,False,False,False,False,B
guidebook_rnn,S0,26.202662267906067,24.989833557837716,0.3200974667408149,0.0186877420970371,3,0.001817169767370601,12.51276957867983,False,False,False,False,False,B
arima,S1,27.59045932437263,31.675436381478477,0.0289855072463768,1.6520387104579382,1,2.290749263283191e-22,17.17364457652934,False,False,False,False,False,B
naive_week,S0,27.86363095238095,26.3845294426919,0.3945750916606558,,0,0.047259199236187356,14.169346004062229,False,False,False,False,False,B
arima,S0,28.54195800253141,33.78900259283234,0.00606060606060606,2.148573432649885,1,4.372662920667436e-34,18.274469128307317,False,False,False,False,False,B
naive_last,S0,49.150327380952376,40.67729645485954,0.036036036036036015,,0,1.4282309821962223e-34,38.72397563369186,False,False,False,False,False,B
