feature_1,feature_2,mean_abs_interaction
y_dow4w,prod_day,12.408899734546589
hour,prod_day,8.091926276335878
month,prod_day,4.249618523777408
y_d7,y_dow4w,2.800408474576377
hour,y_dow4w,2.249841622659952
month,y_dow4w,2.080940960777834
month,y_d7,1.8326526564629386
prev_day_max,prod_day,1.6118383963676426
y_d14,prod_day,1.5980340458056086
y_d7,y_d14,1.5357640133442427
y_d1,prod_day,1.5166355606986597
month,prev_day_max,1.4976010353331464
hour,prev_day_max,1.4852339273453667
y_d7,prod_day,1.4679629568876778
hour,y_d14,1.4381274087901854
dow,y_dow4w,1.370913489678004
y_d1,y_dow4w,1.2948279178822517
dow,y_d7,1.2761682835269454
month,op_days_7d,1.272083253364733
y_dow4w,prev_day_max,1.2591048748363964
prev_day_max,op_days_7d,1.2059080836351384
y_d14,y_dow4w,1.1306280960103279
y_d7,prev_day_max,1.0668161539764909
month,prev_day_mean,1.056087565274736
tou_load,y_dow4w,0.9776229114998539
prev_day_mean,prod_day,0.9653584113697046
op_days_7d,prod_day,0.9649022277809138
y_dow4w,prev_day_mean,0.964058770351163
hour,y_d7,0.9139490770637941
dow,month,0.9098650105029863
hour,prev_day_mean,0.848020556168564
prev_day_mean,op_days_7d,0.845413678016334
month,y_d1,0.8409270811226476
dow,prod_day,0.8241111215266061
month,y_d14,0.8138922371480317
tou_load,prod_day,0.7538204249401638
hour,month,0.7326428847695986
dow,y_d1,0.7297175012010105
y_d7,prev_day_mean,0.6638752154721657
hour,op_days_7d,0.6607691644160939
y_d1,y_d7,0.6473832849633867
y_dow4w,op_days_7d,0.6111873935588342
hour,y_d1,0.5754059017552948
y_d1,y_d14,0.5486623983416001
tou_load,y_d7,0.5412975969597772
y_d1,prev_day_max,0.5275898518325812
y_d7,op_days_7d,0.474513289461166
y_d1,op_days_7d,0.4658302875519488
y_d1,prev_day_mean,0.4430838711231456
month,tou_load,0.4084127044680856
y_d14,prev_day_max,0.40189961485871156
y_d14,prev_day_mean,0.3809992298435394
prev_day_max,prev_day_mean,0.3669840866611046
hour,tou_load,0.3221196337312958
month,op_lastweek,0.32111387839737887
tou_load,y_d14,0.303197820098512
dow,y_d14,0.29844684658704074
dow,prev_day_mean,0.2789306982083349
hour,tou_season,0.2669979336944234
month,holiday,0.2582261804552018
tou_season,prod_day,0.24768546951715473
dow,op_days_7d,0.2349260074418237
tou_load,prev_day_mean,0.23402323105975698
hour,dow,0.23103543633861992
tou_load,y_d1,0.22939982002159706
hour,shift,0.22698989722880145
shift,y_d7,0.17479896896751304
dow,prev_day_max,0.15771657757823526
shift,y_dow4w,0.15505245805643908
op_days_7d,op_lastweek,0.152540459118987
shift,prod_day,0.1382343090049544
tou_season,prev_day_max,0.13601735410244317
month,billing_hour,0.13147302575964945
tou_load,prev_day_max,0.13061409769728916
prev_day_max,op_lastweek,0.12498468922116893
tou_season,y_dow4w,0.12123272820345668
y_d14,op_days_7d,0.11783593274497758
shift,y_d14,0.11122295825499676
month,tou_season,0.11056187086607679
holiday,y_d7,0.10043786490751212
month,weekend,0.09996589267563673
tou_season,prev_day_mean,0.09530669296774408
tou_season,y_d1,0.08928400179961465
tou_season,y_d7,0.0869167976606658
billing_hour,y_d7,0.086389375512022
dow,tou_load,0.08042431037881113
tou_load,op_days_7d,0.07748898597734064
tou_season,y_d14,0.07748531862142478
shift,op_days_7d,0.07650564158278397
op_lastweek,prod_day,0.06968112107708825
shift,y_d1,0.06668931408104502
y_d14,op_lastweek,0.06539255008253445
dow,tou_season,0.05835132273148858
month,shift,0.0576669272191395
billing_hour,prod_day,0.05576649511141994
shift,tou_season,0.05515078723563558
shift,prev_day_mean,0.053574536016371355
billing_hour,y_dow4w,0.04826052028656915
billing_hour,prev_day_max,0.04603731972193698
shift,prev_day_max,0.043185997290494424
y_dow4w,op_lastweek,0.0426413262010862
weekend,prev_day_mean,0.04046973563206148
billing_hour,prev_day_mean,0.04034683281625029
hour,billing_hour,0.04019096700512406
dow,billing_hour,0.03858631713205465
y_d1,op_lastweek,0.03852516910824354
dow,op_lastweek,0.03815226077810461
tou_season,op_days_7d,0.03620472532883133
dow,shift,0.02589485110218015
billing_hour,y_d1,0.025600893200581946
holiday,prod_day,0.025150555351632242
dow,holiday,0.020566812121926504
prev_day_op,op_days_7d,0.01929414040828565
shift,tou_load,0.01790509995148177
y_d7,op_lastweek,0.017135983822513957
billing_hour,y_d14,0.01703185429411153
weekend,y_d1,0.01598514770611388
hour,op_lastweek,0.015548045612538954
holiday,y_dow4w,0.01527837985400177
tou_season,tou_load,0.015260183344061975
hour,weekend,0.014543040570518565
y_dow4w,prod_missing,0.014400320957280928
hour,prev_day_op,0.013691135952011333
weekend,y_d14,0.013311041974467544
hour,holiday,0.012765009173391675
weekend,prev_day_max,0.01204000705829081
weekend,y_dow4w,0.011792388822357693
weekend,prod_day,0.009775418513926246
weekend,y_d7,0.009109704789086877
prev_day_mean,op_lastweek,0.008411256238836082
weekend,op_days_7d,0.008322035544077401
y_d1,prod_missing,0.008166260848440235
tou_season,prev_day_op,0.008102069343322296
holiday,prev_day_mean,0.007366080565795912
y_d14,prod_missing,0.007229135820580601
billing_hour,op_lastweek,0.006966851568128604
holiday,prev_day_max,0.005947413676240469
holiday,y_d14,0.0059001251521715445
tou_season,op_lastweek,0.005641017385376203
shift,op_lastweek,0.0052897465015071055
tou_season,billing_hour,0.004935669418450429
month,prev_day_op,0.004802619403436082
y_d7,prev_day_op,0.004740628349379013
y_d14,prev_day_op,0.004590326808629706
holiday,y_d1,0.004256430787020397
month,prod_missing,0.004179215484943803
holiday,op_lastweek,0.00414800825296008
hour,prod_missing,0.003988592377177418
prev_day_mean,prod_missing,0.0025876896969309745
billing_hour,op_days_7d,0.002478793614956643
y_dow4w,prev_day_op,0.002338224263139509
dow,prev_day_op,0.00233150281312575
tou_load,op_lastweek,0.002032749672880118
holiday,op_days_7d,0.0019239841461145299
y_d7,prod_missing,0.0014318087178528554
shift,billing_hour,0.0013700971179276932
holiday,tou_season,0.0013030346869110211
weekend,tou_load,0.0011118010228736398
prev_day_mean,prev_day_op,0.0008832033460278661
dow,prod_missing,0.0008484749239556673
weekend,holiday,0.0008208571283637947
prev_day_op,prod_day,0.0008079459745293463
prev_day_max,prod_missing,0.0007396178543247459
weekend,shift,0.0006395610827464032
tou_load,prod_missing,0.000503717525540399
holiday,tou_load,0.0004970234756182196
tou_load,prev_day_op,0.00037043090199315377
y_d1,prev_day_op,0.00020231757571194622
op_days_7d,prod_missing,0.00019901359303207887
holiday,prod_missing,0.00015384457921550123
tou_season,prod_missing,0.00012463124628692658
prev_day_max,prev_day_op,0.00011586011765152049
billing_hour,prod_missing,9.956144733088448e-05
holiday,shift,7.945541571360782e-05
shift,prod_missing,7.187241452953344e-05
holiday,prev_day_op,6.034212597983133e-05
holiday,billing_hour,4.4282204864718065e-05
op_lastweek,prod_missing,2.884022963133041e-05
weekend,prod_missing,1.0329764888095614e-05
prev_day_op,prod_missing,6.9983695255133935e-06
dow,weekend,0.0
weekend,tou_season,0.0
weekend,billing_hour,0.0
shift,prev_day_op,0.0
weekend,prev_day_op,0.0
weekend,op_lastweek,0.0
tou_load,billing_hour,0.0
billing_hour,prev_day_op,0.0
prev_day_op,op_lastweek,0.0
prod_day,prod_missing,0.0
