feature,mean_abs_shap,main_effect,model,scenario
q4_lag1,29.636428884295075,30.724841440121228,lgbm,S1
y_lag1,12.226750715250386,12.679720218458566,lgbm,S1
y_lag168,6.686398797402494,8.459285241894372,lgbm,S1
hour,3.1562872126557164,2.795418230186062,lgbm,S1
q_min_lag1,2.996786894652315,2.7144964031362093,lgbm,S1
y_lag3,2.7208462492527046,4.722124436198909,lgbm,S1
y_lag24,2.317842707191151,3.0502118503405105,lgbm,S1
y_ma3,2.1954098874181236,2.225058808766843,lgbm,S1
prod_day,1.3603131417506054,1.7510274263360226,lgbm,S1
shift,1.1207261683776693,1.9511226231160979,lgbm,S1
y_ma24,1.0084124317784247,1.2118497452017558,lgbm,S1
q_slope_lag1,0.9543774484417772,0.9073397444845287,lgbm,S1
y_lag2,0.8946642754055234,1.1477254103562131,lgbm,S1
month,0.6574446598925356,0.22505241279240573,lgbm,S1
y_ma6,0.6042241305242838,0.7911705832124009,lgbm,S1
tou_load,0.3948240926534594,0.40939907261506975,lgbm,S1
dow,0.37173474214744395,0.3229791612860942,lgbm,S1
tou_season,0.05679447975816702,0.04830259973070635,lgbm,S1
weekend,0.026174952323359507,0.026045939692484043,lgbm,S1
billing_hour,0.02382188577013956,0.037667779574804904,lgbm,S1
holiday,0.01577462502509172,0.00424121958755699,lgbm,S1
prod_missing,0.0038675041983188144,0.002777885689144793,lgbm,S1
