model,track,scenario,tune_mae,peak_alpha,job_sec,params
cat,A,S0,6.693444664221965,,945,"{""iterations"": 850, ""learning_rate"": 0.08948958522954663, ""depth"": 7, ""l2_leaf_reg"": 3.515757068135202, ""tau"": ""inf""}"
cat,A,S1,6.523999401544241,,931,"{""iterations"": 1450, ""learning_rate"": 0.0741731228317543, ""depth"": 5, ""l2_leaf_reg"": 4.114255114255556, ""tau"": ""inf""}"
cat,A,S2,5.8940646609750935,,1429,"{""iterations"": 550, ""learning_rate"": 0.17495897283131406, ""depth"": 8, ""l2_leaf_reg"": 1.8702880449158337, ""tau"": ""inf""}"
cat,B,S0,17.66048358947495,,627,"{""iterations"": 950, ""learning_rate"": 0.029243442982805946, ""depth"": 8, ""l2_leaf_reg"": 5.920764532148146, ""tau"": ""30""}"
cat,B,S1,14.782539103789652,,406,"{""iterations"": 400, ""learning_rate"": 0.09734012017688903, ""depth"": 6, ""l2_leaf_reg"": 2.4186046462784088, ""tau"": ""30""}"
cat,B,S2,9.320021306809961,,340,"{""iterations"": 750, ""learning_rate"": 0.13380233623317908, ""depth"": 5, ""l2_leaf_reg"": 6.069597250112061, ""tau"": ""inf""}"
lgbm,A,S0,6.326050390103173,4.0,527,"{""n_estimators"": 550, ""learning_rate"": 0.016712197919054813, ""num_leaves"": 106, ""min_child_samples"": 13, ""subsample"": 0.5576664933843829, ""colsample_bytree"": 0.6965741660259321, ""reg_lambda"": 0.01889566479260145, ""tau"": ""inf""}"
lgbm,A,S1,6.249412162948821,4.0,631,"{""n_estimators"": 700, ""learning_rate"": 0.0142874865132358, ""num_leaves"": 109, ""min_child_samples"": 14, ""subsample"": 0.6715388186250746, ""colsample_bytree"": 0.647156572322936, ""reg_lambda"": 0.00661516722307157, ""tau"": ""inf""}"
lgbm,A,S2,5.658628858578243,4.0,775,"{""n_estimators"": 900, ""learning_rate"": 0.013594212945310723, ""num_leaves"": 126, ""min_child_samples"": 16, ""subsample"": 0.701752181165814, ""colsample_bytree"": 0.6627335711428352, ""reg_lambda"": 0.23798780548362308, ""tau"": ""inf""}"
lgbm,B,S0,15.777092248153982,1.0,328,"{""n_estimators"": 900, ""learning_rate"": 0.015288300669172479, ""num_leaves"": 30, ""min_child_samples"": 24, ""subsample"": 0.9123634099969342, ""colsample_bytree"": 0.9808290476073045, ""reg_lambda"": 0.004913209531684089, ""tau"": ""60""}"
lgbm,B,S1,12.317992038367777,2.0,429,"{""n_estimators"": 750, ""learning_rate"": 0.10935610000889426, ""num_leaves"": 119, ""min_child_samples"": 33, ""subsample"": 0.9182504168199476, ""colsample_bytree"": 0.8660414032639203, ""reg_lambda"": 0.30442100146873585, ""tau"": ""30""}"
lgbm,B,S2,8.709265196201207,2.0,286,"{""n_estimators"": 1200, ""learning_rate"": 0.023297931155724025, ""num_leaves"": 16, ""min_child_samples"": 65, ""subsample"": 0.917108820492309, ""colsample_bytree"": 0.883411730861815, ""reg_lambda"": 0.16938781126436947, ""tau"": ""60""}"
xgb,A,S0,6.458880836280727,,244,"{""n_estimators"": 800, ""learning_rate"": 0.011314266414590868, ""max_depth"": 9, ""min_child_weight"": 15.963015331005769, ""subsample"": 0.7515769219210737, ""colsample_bytree"": 0.722602061555782, ""reg_lambda"": 0.05218857448033395, ""tau"": ""inf""}"
xgb,A,S1,6.45964472867695,,265,"{""n_estimators"": 250, ""learning_rate"": 0.033977499962979815, ""max_depth"": 9, ""min_child_weight"": 17.954066021447098, ""subsample"": 0.9379459895567663, ""colsample_bytree"": 0.9916622941179742, ""reg_lambda"": 0.005289047583689304, ""tau"": ""inf""}"
xgb,A,S2,5.771741825224885,,585,"{""n_estimators"": 1500, ""learning_rate"": 0.037062982317074306, ""max_depth"": 9, ""min_child_weight"": 7.437011972604888, ""subsample"": 0.9710617566124128, ""colsample_bytree"": 0.71152020206466, ""reg_lambda"": 0.003939393975630792, ""tau"": ""inf""}"
xgb,B,S0,17.25138496198247,,296,"{""n_estimators"": 1250, ""learning_rate"": 0.07893706687339251, ""max_depth"": 7, ""min_child_weight"": 3.8668753716756963, ""subsample"": 0.6687372693091926, ""colsample_bytree"": 0.9213769430696573, ""reg_lambda"": 0.010672437183310984, ""tau"": ""60""}"
xgb,B,S1,11.694644557937863,,257,"{""n_estimators"": 350, ""learning_rate"": 0.023514513697599583, ""max_depth"": 9, ""min_child_weight"": 15.379842410857847, ""subsample"": 0.9013633933533008, ""colsample_bytree"": 0.9925458052312984, ""reg_lambda"": 0.0027852619379383757, ""tau"": ""60""}"
xgb,B,S2,8.643781100242403,,203,"{""n_estimators"": 1200, ""learning_rate"": 0.012488319190033523, ""max_depth"": 5, ""min_child_weight"": 9.501917033700781, ""subsample"": 0.8084443982192113, ""colsample_bytree"": 0.9782557098149447, ""reg_lambda"": 1.4878300388492283, ""tau"": ""60""}"
