track,fold,variant,path,f1,precision,recall,pr_auc,brier,ece,tp,fp,fn,tn,threshold
A,F2,(a) 기존 피처,분류기,0.8571428571428571,0.8571428571428571,0.8571428571428571,0.8758848611190196,0.03294519884591066,0.03650983800143682,36,6,6,288,0.02
A,F2,(a) 기존 피처,스태킹,0.8571428571428571,0.8571428571428571,0.8571428571428571,0.8764310985073623,0.03269096007275617,0.03664754234427108,36,6,6,288,0.02
A,F2,(b) 임베딩 + 시각,분류기,0.6511627906976745,0.6363636363636364,0.6666666666666666,0.6243977906777329,0.06663178069929825,0.04286597426372663,28,16,14,278,0.167
A,F2,(b) 임베딩 + 시각,스태킹,0.6666666666666666,0.9166666666666666,0.5238095238095238,0.8461765769183882,0.043426257285981276,0.028954664626318242,22,2,20,292,0.34
A,F2,(c) 기존 피처 + 임베딩,분류기,0.8433734939759037,0.8536585365853658,0.8333333333333334,0.7231471619950439,0.03921515818826645,0.039493096371692626,35,6,7,288,0.02
A,F2,(c) 기존 피처 + 임베딩,스태킹,0.8433734939759037,0.8536585365853658,0.8333333333333334,0.7231471619950439,0.041376218592072606,0.04358114855307993,35,6,7,288,0.02
A,F3,(a) 기존 피처,분류기,0.78125,0.7692307692307693,0.7936507936507936,0.7648435941115344,0.07246180034130886,0.052002107873104386,50,15,13,258,0.34
A,F3,(a) 기존 피처,스태킹,0.7768595041322314,0.8103448275862069,0.746031746031746,0.8107406743113901,0.06361169374680149,0.04349134860262675,47,11,16,262,0.26
A,F3,(b) 임베딩 + 시각,분류기,0.6976744186046512,0.6818181818181818,0.7142857142857143,0.6365091302911602,0.088315867616236,0.03553876566903708,45,21,18,252,0.26
A,F3,(b) 임베딩 + 시각,스태킹,0.7692307692307693,0.746268656716418,0.7936507936507936,0.8377962007247961,0.06472291220562386,0.04400061208590729,50,17,13,256,0.26
A,F3,(c) 기존 피처 + 임베딩,분류기,0.7079646017699115,0.8,0.6349206349206349,0.7871098981213343,0.07348313358572198,0.05575886065879734,40,10,23,263,0.34
A,F3,(c) 기존 피처 + 임베딩,스태킹,0.7047619047619048,0.8809523809523809,0.5873015873015873,0.817866893662649,0.06867669066740209,0.053137783403452724,37,5,26,268,0.34
A,F4,(a) 기존 피처,분류기,0.8,0.6904761904761905,0.9508196721311475,0.8991519247921855,0.04535748235770038,0.04615455428245977,58,26,3,249,0.26
A,F4,(a) 기존 피처,스태킹,0.875,0.835820895522388,0.9180327868852459,0.9268630241182334,0.034754433321914045,0.022320687250104373,56,11,5,264,0.42
A,F4,(b) 임베딩 + 시각,분류기,0.8,0.78125,0.819672131147541,0.8305283091507312,0.05912273097802732,0.04102934037516906,50,14,11,261,0.36
A,F4,(b) 임베딩 + 시각,스태킹,0.8615384615384616,0.8115942028985508,0.9180327868852459,0.9577342683506653,0.030450449092913175,0.027454004627539323,56,13,5,262,0.286
A,F4,(c) 기존 피처 + 임베딩,분류기,0.8428571428571429,0.7468354430379747,0.9672131147540983,0.9214835453198641,0.03947510327301506,0.05275948153185117,59,20,2,255,0.42
A,F4,(c) 기존 피처 + 임베딩,스태킹,0.8636363636363636,0.8028169014084507,0.9344262295081968,0.9089514729157853,0.03270577154589738,0.028986937888890736,57,14,4,261,0.34
A,F5,(a) 기존 피처,분류기,0.8048780487804879,0.717391304347826,0.9166666666666666,0.7345009626555179,0.03763496737609946,0.03397631041105611,33,13,3,287,0.22
A,F5,(a) 기존 피처,스태킹,0.8421052631578947,0.8,0.8888888888888888,0.7806642020770154,0.03246432318637639,0.021445052423183626,32,8,4,292,0.286
A,F5,(b) 임베딩 + 시각,분류기,0.5436893203883495,0.417910447761194,0.7777777777777778,0.5002609832130946,0.08692756940788811,0.07942868527005227,28,39,8,261,0.359
A,F5,(b) 임베딩 + 시각,스태킹,0.7941176470588235,0.84375,0.75,0.7967198870424677,0.030823390650798282,0.032723339668076855,27,5,9,295,0.42
A,F5,(c) 기존 피처 + 임베딩,분류기,0.7341772151898734,0.6744186046511628,0.8055555555555556,0.7225693822788597,0.04370506896702267,0.04819828251119858,29,14,7,286,0.34
A,F5,(c) 기존 피처 + 임베딩,스태킹,0.7887323943661971,0.8,0.7777777777777778,0.7964618592794835,0.034448887196661025,0.039956075218059585,28,7,8,293,0.42
A,F6,(a) 기존 피처,분류기,0.5405405405405406,0.43478260869565216,0.7142857142857143,0.6371454993848288,0.060088661496717335,0.05925148188116276,20,26,8,263,0.385
A,F6,(a) 기존 피처,스태킹,0.5714285714285714,0.4489795918367347,0.7857142857142857,0.6112853204827347,0.06166896719934392,0.05208335716855908,22,27,6,262,0.22
A,F6,(b) 임베딩 + 시각,분류기,0.49523809523809526,0.33766233766233766,0.9285714285714286,0.3752317467518753,0.09811391424964803,0.13099378595472336,26,51,2,238,0.34
A,F6,(b) 임베딩 + 시각,스태킹,0.5925925925925926,0.4528301886792453,0.8571428571428571,0.566483340398891,0.0647360562299171,0.04933073618863603,24,29,4,260,0.34
A,F6,(c) 기존 피처 + 임베딩,분류기,0.5494505494505495,0.3968253968253968,0.8928571428571429,0.5497651099997155,0.0714962894867798,0.07920581490048802,25,38,3,251,0.38
A,F6,(c) 기존 피처 + 임베딩,스태킹,0.5925925925925926,0.4528301886792453,0.8571428571428571,0.5898180916055681,0.06353873023716637,0.059831955826816566,24,29,4,260,0.42
B,F2,(a) 기존 피처,분류기,0.7916666666666666,0.7037037037037037,0.9047619047619048,0.7494221958075558,0.046340504849598216,0.02944439975672078,38,16,4,278,0.1
B,F2,(a) 기존 피처,스태킹,0.7835051546391752,0.6909090909090909,0.9047619047619048,0.7500699082779283,0.04721401282925247,0.03287891470848868,38,17,4,277,0.12
B,F2,(b) 임베딩 + 시각,분류기,0.7254901960784313,0.6166666666666667,0.8809523809523809,0.678629052270114,0.06239969996794069,0.04642750989961219,37,23,5,271,0.286
B,F2,(b) 임베딩 + 시각,스태킹,0.6981132075471698,0.578125,0.8809523809523809,0.673406433912773,0.06216398423968367,0.05926662995074427,37,27,5,267,0.26
B,F2,(c) 기존 피처 + 임베딩,분류기,0.7608695652173914,0.7,0.8333333333333334,0.713926433146358,0.05233637382541418,0.03810916165466473,35,15,7,279,0.42
B,F2,(c) 기존 피처 + 임베딩,스태킹,0.7835051546391752,0.6909090909090909,0.9047619047619048,0.725370940508048,0.05113944728041816,0.03817545709420723,38,17,4,277,0.34
B,F3,(a) 기존 피처,분류기,0.7194244604316546,0.6578947368421053,0.7936507936507936,0.6265723682020851,0.09178629867182396,0.06008959573768068,50,26,13,247,0.34
B,F3,(a) 기존 피처,스태킹,0.7183098591549296,0.6455696202531646,0.8095238095238095,0.669516911579142,0.08682022575606219,0.05261163664567932,51,28,12,245,0.34
B,F3,(b) 임베딩 + 시각,분류기,0.6917293233082706,0.6571428571428571,0.7301587301587301,0.5870138127650675,0.09993786225888858,0.06766752168327127,46,24,17,249,0.24
B,F3,(b) 임베딩 + 시각,스태킹,0.7222222222222222,0.6419753086419753,0.8253968253968254,0.7097504977925604,0.07959928859812997,0.04082354814356966,52,29,11,244,0.12
B,F3,(c) 기존 피처 + 임베딩,분류기,0.7076923076923077,0.6865671641791045,0.7301587301587301,0.5990892890620145,0.10000549897762571,0.07679006196955651,46,21,17,252,0.32
B,F3,(c) 기존 피처 + 임베딩,스태킹,0.6875,0.676923076923077,0.6984126984126984,0.6457667804091011,0.09146718881153695,0.05599316264736333,44,21,19,252,0.34
B,F4,(a) 기존 피처,분류기,0.6751592356687898,0.5520833333333334,0.8688524590163934,0.5791831815883379,0.09466087214876717,0.05439829927788942,53,43,8,232,0.32
B,F4,(a) 기존 피처,스태킹,0.717948717948718,0.5894736842105263,0.9180327868852459,0.7130059272710855,0.07591881735660766,0.054887416499065395,56,39,5,236,0.24
B,F4,(b) 임베딩 + 시각,분류기,0.746268656716418,0.684931506849315,0.819672131147541,0.6973998339083922,0.0736495713907119,0.03922509863856967,50,23,11,252,0.34
B,F4,(b) 임베딩 + 시각,스태킹,0.7724137931034483,0.6666666666666666,0.9180327868852459,0.8595417407388402,0.04663969691092832,0.057343714144190976,56,28,5,247,0.18
B,F4,(c) 기존 피처 + 임베딩,분류기,0.723404255319149,0.6375,0.8360655737704918,0.6267257036473245,0.0814514808001192,0.03466067155650733,51,29,10,246,0.286
B,F4,(c) 기존 피처 + 임베딩,스태킹,0.7801418439716312,0.6875,0.9016393442622951,0.7619081071477056,0.06542144307037458,0.01950002287367603,55,25,6,250,0.34
B,F5,(a) 기존 피처,분류기,0.6666666666666666,0.6190476190476191,0.7222222222222222,0.6969624108749496,0.052883498299994974,0.04650029712566698,26,16,10,284,0.24
B,F5,(a) 기존 피처,스태킹,0.6129032258064516,0.7307692307692307,0.5277777777777778,0.7269681950413447,0.05567150379832951,0.041793246728789896,19,7,17,293,0.26
B,F5,(b) 임베딩 + 시각,분류기,0.5,0.45454545454545453,0.5555555555555556,0.44296656101092396,0.07359374405457178,0.025961470118848196,20,24,16,276,0.36
B,F5,(b) 임베딩 + 시각,스태킹,0.4745762711864407,0.6086956521739131,0.3888888888888889,0.6381791247117681,0.05928290043497504,0.04858842002328045,14,9,22,291,0.367
B,F5,(c) 기존 피처 + 임베딩,분류기,0.5111111111111111,0.42592592592592593,0.6388888888888888,0.4370945790956505,0.0779154508622489,0.060659167349221735,23,31,13,269,0.292
B,F5,(c) 기존 피처 + 임베딩,스태킹,0.5245901639344263,0.64,0.4444444444444444,0.7004498701561543,0.05612858263721958,0.042440230001432065,16,9,20,291,0.36
B,F6,(a) 기존 피처,분류기,0.5287356321839081,0.3898305084745763,0.8214285714285714,0.4247270777933689,0.068200387008024,0.05525151159197217,23,36,5,253,0.34
B,F6,(a) 기존 피처,스태킹,0.5384615384615384,0.42,0.75,0.3819088536099815,0.07793266478573041,0.05686907521804102,21,29,7,260,0.38
B,F6,(b) 임베딩 + 시각,분류기,0.49056603773584906,0.3333333333333333,0.9285714285714286,0.5159304673055362,0.07945203082946968,0.10573947988324102,26,52,2,237,0.34
B,F6,(b) 임베딩 + 시각,스태킹,0.5102040816326531,0.35714285714285715,0.8928571428571429,0.446716784857179,0.07711014283269496,0.07511730157238274,25,45,3,244,0.36
B,F6,(c) 기존 피처 + 임베딩,분류기,0.4948453608247423,0.34782608695652173,0.8571428571428571,0.4209025750473195,0.08119215669672904,0.08112433950627451,24,45,4,244,0.36
B,F6,(c) 기존 피처 + 임베딩,스태킹,0.4888888888888889,0.3548387096774194,0.7857142857142857,0.3838055319750051,0.08441889637078047,0.07206467708086028,22,40,6,249,0.356
